../Detection/Images/AMD Part1/AMD (1).E2E/2- 25- 2017 9- 10- 42 PM/Image 7.png,./Macular-Dataset-R.Rasti_old/AMD Part1/AMD (1).E2E/2- 25- 2017 9- 10- 42 PM/Image 7.TIFF
../Detection/Images/AMD Part1/AMD (1).E2E/2- 25- 2017 9- 10- 42 PM/Image 8.png,./Macular-Dataset-R.Rasti_old/AMD Part1/AMD (1).E2E/2- 25- 2017 9- 10- 42 PM/Image 8.TIFF
../Detection/Images/AMD Part1/AMD (1).E2E/2- 25- 2017 9- 10- 42 PM/Image 9.png,./Macular-Dataset-R.Rasti_old/AMD Part1/AMD (1).E2E/2- 25- 2017 9- 10- 42 PM/Image 9.TIFF
../Detection/Images/AMD Part1/AMD (1).E2E/2- 25- 2017 9- 10- 42 PM/Image 10.png,./Macular-Dataset-R.Rasti_old/AMD Part1/AMD (1).E2E/2- 25- 2017 9- 10- 42 PM/Image 10.TIFF
../Detection/Images/AMD Part1/AMD (1).E2E/2- 25- 2017 9- 10- 42 PM/Image 11.png,./Macular-Dataset-R.Rasti_old/AMD Part1/AMD (1).E2E/2- 25- 2017 9- 10- 42 PM/Image 11.TIFF
../Detection/Images/AMD Part1/AMD (1).E2E/2- 25- 2017 9- 10- 42 PM/Image 12.png,./Macular-Dataset-R.Rasti_old/AMD Part1/AMD (1).E2E/2- 25- 2017 9- 10- 42 PM/Image 12.TIFF
../Detection/Images/AMD Part1/AMD (1).E2E/2- 25- 2017 9- 10- 42 PM/Image 13.png,./Macular-Dataset-R.Rasti_old/AMD Part1/AMD (1).E2E/2- 25- 2017 9- 10- 42 PM/Image 13.TIFF
../Detection/Images/AMD Part1/AMD (1).E2E/2- 25- 2017 9- 10- 42 PM/Image 14.png,./Macular-Dataset-R.Rasti_old/AMD Part1/AMD (1).E2E/2- 25- 2017 9- 10- 42 PM/Image 14.TIFF
../Detection/Images/AMD Part1/AMD (1).E2E/2- 25- 2017 9- 10- 42 PM/Image 15.png,./Macular-Dataset-R.Rasti_old/AMD Part1/AMD (1).E2E/2- 25- 2017 9- 10- 42 PM/Image 15.TIFF
../Detection/Images/AMD Part1/AMD (1).E2E/2- 25- 2017 9- 10- 42 PM/Image 16.png,./Macular-Dataset-R.Rasti_old/AMD Part1/AMD (1).E2E/2- 25- 2017 9- 10- 42 PM/Image 16.TIFF
../Detection/Images/AMD Part1/AMD (1).E2E/2- 25- 2017 9- 10- 42 PM/Image 18.png,./Macular-Dataset-R.Rasti_old/AMD Part1/AMD (1).E2E/2- 25- 2017 9- 10- 42 PM/Image 18.TIFF
../Detection/Images/AMD Part1/AMD (1).E2E/2- 25- 2017 9- 10- 42 PM/Image 19.png,./Macular-Dataset-R.Rasti_old/AMD Part1/AMD (1).E2E/2- 25- 2017 9- 10- 42 PM/Image 19.TIFF
../Detection/Images/AMD Part1/AMD (1).E2E/2- 25- 2017 9- 10- 42 PM/Image 20.png,./Macular-Dataset-R.Rasti_old/AMD Part1/AMD (1).E2E/2- 25- 2017 9- 10- 42 PM/Image 20.TIFF
../Detection/Images/AMD Part1/AMD (2).E2E/2- 25- 2017 9- 12- 39 PM/Image 5.png,./Macular-Dataset-R.Rasti_old/AMD Part1/AMD (2).E2E/2- 25- 2017 9- 12- 39 PM/Image 5.TIFF
../Detection/Images/AMD Part1/AMD (2).E2E/2- 25- 2017 9- 12- 39 PM/Image 6.png,./Macular-Dataset-R.Rasti_old/AMD Part1/AMD (2).E2E/2- 25- 2017 9- 12- 39 PM/Image 6.TIFF
../Detection/Images/AMD Part1/AMD (2).E2E/2- 25- 2017 9- 12- 39 PM/Image 7.png,./Macular-Dataset-R.Rasti_old/AMD Part1/AMD (2).E2E/2- 25- 2017 9- 12- 39 PM/Image 7.TIFF
../Detection/Images/AMD Part1/AMD (2).E2E/2- 25- 2017 9- 12- 39 PM/Image 8.png,./Macular-Dataset-R.Rasti_old/AMD Part1/AMD (2).E2E/2- 25- 2017 9- 12- 39 PM/Image 8.TIFF
../Detection/Images/AMD Part1/AMD (2).E2E/2- 25- 2017 9- 12- 39 PM/Image 9.png,./Macular-Dataset-R.Rasti_old/AMD Part1/AMD (2).E2E/2- 25- 2017 9- 12- 39 PM/Image 9.TIFF
../Detection/Images/AMD Part1/AMD (2).E2E/2- 25- 2017 9- 12- 39 PM/Image 10.png,./Macular-Dataset-R.Rasti_old/AMD Part1/AMD (2).E2E/2- 25- 2017 9- 12- 39 PM/Image 10.TIFF
../Detection/Images/AMD Part1/AMD (2).E2E/2- 25- 2017 9- 12- 39 PM/Image 11.png,./Macular-Dataset-R.Rasti_old/AMD Part1/AMD (2).E2E/2- 25- 2017 9- 12- 39 PM/Image 11.TIFF
../Detection/Images/AMD Part1/AMD (2).E2E/2- 25- 2017 9- 12- 39 PM/Image 13.png,./Macular-Dataset-R.Rasti_old/AMD Part1/AMD (2).E2E/2- 25- 2017 9- 12- 39 PM/Image 13.TIFF
../Detection/Images/AMD Part1/AMD (2).E2E/2- 25- 2017 9- 12- 39 PM/Image 14.png,./Macular-Dataset-R.Rasti_old/AMD Part1/AMD (2).E2E/2- 25- 2017 9- 12- 39 PM/Image 14.TIFF
../Detection/Images/AMD Part1/AMD (2).E2E/2- 25- 2017 9- 12- 39 PM/Image 15.png,./Macular-Dataset-R.Rasti_old/AMD Part1/AMD (2).E2E/2- 25- 2017 9- 12- 39 PM/Image 15.TIFF
../Detection/Images/AMD Part1/AMD (2).E2E/2- 25- 2017 9- 12- 39 PM/Image 16.png,./Macular-Dataset-R.Rasti_old/AMD Part1/AMD (2).E2E/2- 25- 2017 9- 12- 39 PM/Image 16.TIFF
../Detection/Images/AMD Part1/AMD (2).E2E/2- 25- 2017 9- 12- 39 PM/Image 17.png,./Macular-Dataset-R.Rasti_old/AMD Part1/AMD (2).E2E/2- 25- 2017 9- 12- 39 PM/Image 17.TIFF
../Detection/Images/AMD Part1/AMD (2).E2E/2- 25- 2017 9- 12- 39 PM/Image 18.png,./Macular-Dataset-R.Rasti_old/AMD Part1/AMD (2).E2E/2- 25- 2017 9- 12- 39 PM/Image 18.TIFF
../Detection/Images/AMD Part1/AMD (2).E2E/2- 25- 2017 9- 12- 39 PM/Image 20.png,./Macular-Dataset-R.Rasti_old/AMD Part1/AMD (2).E2E/2- 25- 2017 9- 12- 39 PM/Image 20.TIFF
../Detection/Images/AMD Part1/AMD (2).E2E/2- 25- 2017 9- 12- 39 PM/Image 21.png,./Macular-Dataset-R.Rasti_old/AMD Part1/AMD (2).E2E/2- 25- 2017 9- 12- 39 PM/Image 21.TIFF
../Detection/Images/AMD Part1/AMD (2).E2E/2- 25- 2017 9- 12- 39 PM/Image 22.png,./Macular-Dataset-R.Rasti_old/AMD Part1/AMD (2).E2E/2- 25- 2017 9- 12- 39 PM/Image 22.TIFF
../Detection/Images/AMD Part1/AMD (3).E2E/2- 25- 2017 9- 13- 55 PM/Image 2.png,./Macular-Dataset-R.Rasti_old/AMD Part1/AMD (3).E2E/2- 25- 2017 9- 13- 55 PM/Image 2.TIFF
../Detection/Images/AMD Part1/AMD (3).E2E/2- 25- 2017 9- 13- 55 PM/Image 3.png,./Macular-Dataset-R.Rasti_old/AMD Part1/AMD (3).E2E/2- 25- 2017 9- 13- 55 PM/Image 3.TIFF
../Detection/Images/AMD Part1/AMD (3).E2E/2- 25- 2017 9- 13- 55 PM/Image 4.png,./Macular-Dataset-R.Rasti_old/AMD Part1/AMD (3).E2E/2- 25- 2017 9- 13- 55 PM/Image 4.TIFF
../Detection/Images/AMD Part1/AMD (3).E2E/2- 25- 2017 9- 13- 55 PM/Image 5.png,./Macular-Dataset-R.Rasti_old/AMD Part1/AMD (3).E2E/2- 25- 2017 9- 13- 55 PM/Image 5.TIFF
../Detection/Images/AMD Part1/AMD (3).E2E/2- 25- 2017 9- 13- 55 PM/Image 6.png,./Macular-Dataset-R.Rasti_old/AMD Part1/AMD (3).E2E/2- 25- 2017 9- 13- 55 PM/Image 6.TIFF
../Detection/Images/AMD Part1/AMD (3).E2E/2- 25- 2017 9- 13- 55 PM/Image 7.png,./Macular-Dataset-R.Rasti_old/AMD Part1/AMD (3).E2E/2- 25- 2017 9- 13- 55 PM/Image 7.TIFF
../Detection/Images/AMD Part1/AMD (3).E2E/2- 25- 2017 9- 13- 55 PM/Image 8.png,./Macular-Dataset-R.Rasti_old/AMD Part1/AMD (3).E2E/2- 25- 2017 9- 13- 55 PM/Image 8.TIFF
../Detection/Images/AMD Part1/AMD (3).E2E/2- 25- 2017 9- 13- 55 PM/Image 9.png,./Macular-Dataset-R.Rasti_old/AMD Part1/AMD (3).E2E/2- 25- 2017 9- 13- 55 PM/Image 9.TIFF
../Detection/Images/AMD Part1/AMD (3).E2E/2- 25- 2017 9- 13- 55 PM/Image 10.png,./Macular-Dataset-R.Rasti_old/AMD Part1/AMD (3).E2E/2- 25- 2017 9- 13- 55 PM/Image 10.TIFF
../Detection/Images/AMD Part1/AMD (3).E2E/2- 25- 2017 9- 13- 55 PM/Image 11.png,./Macular-Dataset-R.Rasti_old/AMD Part1/AMD (3).E2E/2- 25- 2017 9- 13- 55 PM/Image 11.TIFF
../Detection/Images/AMD Part1/AMD (3).E2E/2- 25- 2017 9- 13- 55 PM/Image 12.png,./Macular-Dataset-R.Rasti_old/AMD Part1/AMD (3).E2E/2- 25- 2017 9- 13- 55 PM/Image 12.TIFF
../Detection/Images/AMD Part1/AMD (3).E2E/2- 25- 2017 9- 13- 55 PM/Image 13.png,./Macular-Dataset-R.Rasti_old/AMD Part1/AMD (3).E2E/2- 25- 2017 9- 13- 55 PM/Image 13.TIFF
../Detection/Images/AMD Part1/AMD (3).E2E/2- 25- 2017 9- 13- 55 PM/Image 14.png,./Macular-Dataset-R.Rasti_old/AMD Part1/AMD (3).E2E/2- 25- 2017 9- 13- 55 PM/Image 14.TIFF
../Detection/Images/AMD Part1/AMD (3).E2E/2- 25- 2017 9- 13- 55 PM/Image 15.png,./Macular-Dataset-R.Rasti_old/AMD Part1/AMD (3).E2E/2- 25- 2017 9- 13- 55 PM/Image 15.TIFF
../Detection/Images/AMD Part1/AMD (3).E2E/2- 25- 2017 9- 13- 55 PM/Image 16.png,./Macular-Dataset-R.Rasti_old/AMD Part1/AMD (3).E2E/2- 25- 2017 9- 13- 55 PM/Image 16.TIFF
../Detection/Images/AMD Part1/AMD (3).E2E/2- 25- 2017 9- 13- 55 PM/Image 17.png,./Macular-Dataset-R.Rasti_old/AMD Part1/AMD (3).E2E/2- 25- 2017 9- 13- 55 PM/Image 17.TIFF
../Detection/Images/AMD Part1/AMD (3).E2E/2- 25- 2017 9- 13- 55 PM/Image 18.png,./Macular-Dataset-R.Rasti_old/AMD Part1/AMD (3).E2E/2- 25- 2017 9- 13- 55 PM/Image 18.TIFF
../Detection/Images/AMD Part1/AMD (3).E2E/2- 25- 2017 9- 13- 55 PM/Image 19.png,./Macular-Dataset-R.Rasti_old/AMD Part1/AMD (3).E2E/2- 25- 2017 9- 13- 55 PM/Image 19.TIFF
../Detection/Images/AMD Part1/AMD (3).E2E/2- 25- 2017 9- 13- 55 PM/Image 27.png,./Macular-Dataset-R.Rasti_old/AMD Part1/AMD (3).E2E/2- 25- 2017 9- 13- 55 PM/Image 27.TIFF
../Detection/Images/AMD Part1/AMD (3).E2E/2- 25- 2017 9- 13- 55 PM/Image 28.png,./Macular-Dataset-R.Rasti_old/AMD Part1/AMD (3).E2E/2- 25- 2017 9- 13- 55 PM/Image 28.TIFF
../Detection/Images/AMD Part1/AMD (3).E2E/2- 25- 2017 9- 13- 55 PM/Image 29.png,./Macular-Dataset-R.Rasti_old/AMD Part1/AMD (3).E2E/2- 25- 2017 9- 13- 55 PM/Image 29.TIFF
../Detection/Images/AMD Part1/AMD (3).E2E/2- 25- 2017 9- 13- 55 PM/Image 30.png,./Macular-Dataset-R.Rasti_old/AMD Part1/AMD (3).E2E/2- 25- 2017 9- 13- 55 PM/Image 30.TIFF
../Detection/Images/AMD Part1/AMD (3).E2E/2- 25- 2017 9- 13- 55 PM/Image 35.png,./Macular-Dataset-R.Rasti_old/AMD Part1/AMD (3).E2E/2- 25- 2017 9- 13- 55 PM/Image 35.TIFF
../Detection/Images/AMD Part1/AMD (3).E2E/2- 25- 2017 9- 13- 55 PM/Image 56.png,./Macular-Dataset-R.Rasti_old/AMD Part1/AMD (3).E2E/2- 25- 2017 9- 13- 55 PM/Image 56.TIFF
../Detection/Images/AMD Part1/AMD (3).E2E/2- 25- 2017 9- 13- 55 PM/Image 57.png,./Macular-Dataset-R.Rasti_old/AMD Part1/AMD (3).E2E/2- 25- 2017 9- 13- 55 PM/Image 57.TIFF
../Detection/Images/AMD Part1/AMD (3).E2E/2- 25- 2017 9- 13- 55 PM/Image 58.png,./Macular-Dataset-R.Rasti_old/AMD Part1/AMD (3).E2E/2- 25- 2017 9- 13- 55 PM/Image 58.TIFF
../Detection/Images/AMD Part1/AMD (3).E2E/2- 25- 2017 9- 13- 55 PM/Image 59.png,./Macular-Dataset-R.Rasti_old/AMD Part1/AMD (3).E2E/2- 25- 2017 9- 13- 55 PM/Image 59.TIFF
../Detection/Images/AMD Part1/AMD (3)/Image (14).png,./Dataset_3x50_Final/AMD/AMD (3)/Image (14).TIFF
../Detection/Images/AMD Part1/AMD (3)/Image (16).png,./Dataset_3x50_Final/AMD/AMD (3)/Image (16).TIFF
../Detection/Images/AMD Part1/AMD (3)/Image (18).png,./Dataset_3x50_Final/AMD/AMD (3)/Image (18).TIFF
../Detection/Images/AMD Part1/AMD (3)/Image (20).png,./Dataset_3x50_Final/AMD/AMD (3)/Image (20).TIFF
../Detection/Images/AMD Part1/AMD (3)/Image (21).png,./Dataset_3x50_Final/AMD/AMD (3)/Image (21).TIFF
../Detection/Images/AMD Part1/AMD (3)/Image (26).png,./Dataset_3x50_Final/AMD/AMD (3)/Image (26).TIFF
../Detection/Images/AMD Part1/AMD (3)/Image (28).png,./Dataset_3x50_Final/AMD/AMD (3)/Image (28).TIFF
../Detection/Images/AMD Part1/AMD (3)/Image (30).png,./Dataset_3x50_Final/AMD/AMD (3)/Image (30).TIFF
../Detection/Images/AMD Part1/AMD (3)/Image (35).png,./Dataset_3x50_Final/AMD/AMD (3)/Image (35).TIFF
../Detection/Images/AMD Part1/AMD (3)/Image (38).png,./Dataset_3x50_Final/AMD/AMD (3)/Image (38).TIFF
../Detection/Images/AMD Part1/AMD (4).E2E/2- 25- 2017 9- 15- 59 PM/Image 13.png,./Macular-Dataset-R.Rasti_old/AMD Part1/AMD (4).E2E/2- 25- 2017 9- 15- 59 PM/Image 13.TIFF
../Detection/Images/AMD Part1/AMD (4).E2E/2- 25- 2017 9- 15- 59 PM/Image 15.png,./Macular-Dataset-R.Rasti_old/AMD Part1/AMD (4).E2E/2- 25- 2017 9- 15- 59 PM/Image 15.TIFF
../Detection/Images/AMD Part1/AMD (4).E2E/2- 25- 2017 9- 15- 59 PM/Image 16.png,./Macular-Dataset-R.Rasti_old/AMD Part1/AMD (4).E2E/2- 25- 2017 9- 15- 59 PM/Image 16.TIFF
../Detection/Images/AMD Part1/AMD (4).E2E/2- 25- 2017 9- 15- 59 PM/Image 17.png,./Macular-Dataset-R.Rasti_old/AMD Part1/AMD (4).E2E/2- 25- 2017 9- 15- 59 PM/Image 17.TIFF
../Detection/Images/AMD Part1/AMD (4).E2E/2- 25- 2017 9- 15- 59 PM/Image 21.png,./Macular-Dataset-R.Rasti_old/AMD Part1/AMD (4).E2E/2- 25- 2017 9- 15- 59 PM/Image 21.TIFF
../Detection/Images/AMD Part1/AMD (4).E2E/2- 25- 2017 9- 15- 59 PM/Image 23.png,./Macular-Dataset-R.Rasti_old/AMD Part1/AMD (4).E2E/2- 25- 2017 9- 15- 59 PM/Image 23.TIFF
../Detection/Images/AMD Part1/AMD (4).E2E/2- 25- 2017 9- 15- 59 PM/Image 24.png,./Macular-Dataset-R.Rasti_old/AMD Part1/AMD (4).E2E/2- 25- 2017 9- 15- 59 PM/Image 24.TIFF
../Detection/Images/AMD Part1/AMD (4).E2E/2- 25- 2017 9- 15- 59 PM/Image 25.png,./Macular-Dataset-R.Rasti_old/AMD Part1/AMD (4).E2E/2- 25- 2017 9- 15- 59 PM/Image 25.TIFF
../Detection/Images/AMD Part1/AMD (4).E2E/2- 25- 2017 9- 15- 59 PM/Image 26.png,./Macular-Dataset-R.Rasti_old/AMD Part1/AMD (4).E2E/2- 25- 2017 9- 15- 59 PM/Image 26.TIFF
../Detection/Images/AMD Part1/AMD (4).E2E/2- 25- 2017 9- 15- 59 PM/Image 27.png,./Macular-Dataset-R.Rasti_old/AMD Part1/AMD (4).E2E/2- 25- 2017 9- 15- 59 PM/Image 27.TIFF
../Detection/Images/AMD Part1/AMD (4).E2E/2- 25- 2017 9- 15- 59 PM/Image 29.png,./Macular-Dataset-R.Rasti_old/AMD Part1/AMD (4).E2E/2- 25- 2017 9- 15- 59 PM/Image 29.TIFF
../Detection/Images/AMD Part1/AMD (5).E2E/2- 25- 2017 9- 17- 04 PM/Image 4.png,./Macular-Dataset-R.Rasti_old/AMD Part1/AMD (5).E2E/2- 25- 2017 9- 17- 04 PM/Image 4.TIFF
../Detection/Images/AMD Part1/AMD (5).E2E/2- 25- 2017 9- 17- 04 PM/Image 5.png,./Macular-Dataset-R.Rasti_old/AMD Part1/AMD (5).E2E/2- 25- 2017 9- 17- 04 PM/Image 5.TIFF
../Detection/Images/AMD Part1/AMD (5).E2E/2- 25- 2017 9- 17- 04 PM/Image 7.png,./Macular-Dataset-R.Rasti_old/AMD Part1/AMD (5).E2E/2- 25- 2017 9- 17- 04 PM/Image 7.TIFF
../Detection/Images/AMD Part1/AMD (5).E2E/2- 25- 2017 9- 17- 04 PM/Image 12.png,./Macular-Dataset-R.Rasti_old/AMD Part1/AMD (5).E2E/2- 25- 2017 9- 17- 04 PM/Image 12.TIFF
../Detection/Images/AMD Part1/AMD (5).E2E/2- 25- 2017 9- 17- 04 PM/Image 13.png,./Macular-Dataset-R.Rasti_old/AMD Part1/AMD (5).E2E/2- 25- 2017 9- 17- 04 PM/Image 13.TIFF
../Detection/Images/AMD Part1/AMD (5).E2E/2- 25- 2017 9- 17- 04 PM/Image 14.png,./Macular-Dataset-R.Rasti_old/AMD Part1/AMD (5).E2E/2- 25- 2017 9- 17- 04 PM/Image 14.TIFF
../Detection/Images/AMD Part1/AMD (5).E2E/2- 25- 2017 9- 17- 04 PM/Image 17.png,./Macular-Dataset-R.Rasti_old/AMD Part1/AMD (5).E2E/2- 25- 2017 9- 17- 04 PM/Image 17.TIFF
../Detection/Images/AMD Part1/AMD (5).E2E/2- 25- 2017 9- 17- 04 PM/Image 18.png,./Macular-Dataset-R.Rasti_old/AMD Part1/AMD (5).E2E/2- 25- 2017 9- 17- 04 PM/Image 18.TIFF
../Detection/Images/AMD Part1/AMD (5).E2E/2- 25- 2017 9- 17- 04 PM/Image 19.png,./Macular-Dataset-R.Rasti_old/AMD Part1/AMD (5).E2E/2- 25- 2017 9- 17- 04 PM/Image 19.TIFF
../Detection/Images/AMD Part1/AMD (5).E2E/2- 25- 2017 9- 17- 04 PM/Image 20.png,./Macular-Dataset-R.Rasti_old/AMD Part1/AMD (5).E2E/2- 25- 2017 9- 17- 04 PM/Image 20.TIFF
../Detection/Images/AMD Part1/AMD (5).E2E/2- 25- 2017 9- 17- 04 PM/Image 21.png,./Macular-Dataset-R.Rasti_old/AMD Part1/AMD (5).E2E/2- 25- 2017 9- 17- 04 PM/Image 21.TIFF
../Detection/Images/AMD Part1/AMD (5)/Image (20).png,./Dataset_3x50_Final/AMD/AMD (5)/Image (20).TIFF
../Detection/Images/AMD Part1/AMD (5)/Image (22).png,./Dataset_3x50_Final/AMD/AMD (5)/Image (22).TIFF
../Detection/Images/AMD Part1/AMD (5)/Image (23).png,./Dataset_3x50_Final/AMD/AMD (5)/Image (23).TIFF
../Detection/Images/AMD Part1/AMD (5)/Image (25).png,./Dataset_3x50_Final/AMD/AMD (5)/Image (25).TIFF
../Detection/Images/AMD Part1/AMD (5)/Image (26).png,./Dataset_3x50_Final/AMD/AMD (5)/Image (26).TIFF
../Detection/Images/AMD Part1/AMD (5)/Image (27).png,./Dataset_3x50_Final/AMD/AMD (5)/Image (27).TIFF
../Detection/Images/AMD Part1/AMD (5)/Image (28).png,./Dataset_3x50_Final/AMD/AMD (5)/Image (28).TIFF
../Detection/Images/AMD Part1/AMD (5)/Image (29).png,./Dataset_3x50_Final/AMD/AMD (5)/Image (29).TIFF
../Detection/Images/AMD Part1/AMD (5)/Image (30).png,./Dataset_3x50_Final/AMD/AMD (5)/Image (30).TIFF
../Detection/Images/AMD Part1/AMD (6).E2E/2- 25- 2017 9- 19- 11 PM/Image 8.png,./Macular-Dataset-R.Rasti_old/AMD Part1/AMD (6).E2E/2- 25- 2017 9- 19- 11 PM/Image 8.TIFF
../Detection/Images/AMD Part1/AMD (6).E2E/2- 25- 2017 9- 19- 11 PM/Image 9.png,./Macular-Dataset-R.Rasti_old/AMD Part1/AMD (6).E2E/2- 25- 2017 9- 19- 11 PM/Image 9.TIFF
../Detection/Images/AMD Part1/AMD (6).E2E/2- 25- 2017 9- 19- 11 PM/Image 10.png,./Macular-Dataset-R.Rasti_old/AMD Part1/AMD (6).E2E/2- 25- 2017 9- 19- 11 PM/Image 10.TIFF
../Detection/Images/AMD Part1/AMD (6).E2E/2- 25- 2017 9- 19- 11 PM/Image 11.png,./Macular-Dataset-R.Rasti_old/AMD Part1/AMD (6).E2E/2- 25- 2017 9- 19- 11 PM/Image 11.TIFF
../Detection/Images/AMD Part1/AMD (6).E2E/2- 25- 2017 9- 19- 11 PM/Image 12.png,./Macular-Dataset-R.Rasti_old/AMD Part1/AMD (6).E2E/2- 25- 2017 9- 19- 11 PM/Image 12.TIFF
../Detection/Images/AMD Part1/AMD (6).E2E/2- 25- 2017 9- 19- 11 PM/Image 13.png,./Macular-Dataset-R.Rasti_old/AMD Part1/AMD (6).E2E/2- 25- 2017 9- 19- 11 PM/Image 13.TIFF
../Detection/Images/AMD Part1/AMD (6).E2E/2- 25- 2017 9- 19- 11 PM/Image 18.png,./Macular-Dataset-R.Rasti_old/AMD Part1/AMD (6).E2E/2- 25- 2017 9- 19- 11 PM/Image 18.TIFF
../Detection/Images/AMD Part1/AMD (6).E2E/2- 25- 2017 9- 19- 11 PM/Image 19.png,./Macular-Dataset-R.Rasti_old/AMD Part1/AMD (6).E2E/2- 25- 2017 9- 19- 11 PM/Image 19.TIFF
../Detection/Images/AMD Part1/AMD (6)/Image (6).png,./Dataset_3x50_Final/AMD/AMD (6)/Image (6).TIFF
../Detection/Images/AMD Part1/AMD (6)/Image (8).png,./Dataset_3x50_Final/AMD/AMD (6)/Image (8).TIFF
../Detection/Images/AMD Part1/AMD (6)/Image (10).png,./Dataset_3x50_Final/AMD/AMD (6)/Image (10).TIFF
../Detection/Images/AMD Part1/AMD (6)/Image (11).png,./Dataset_3x50_Final/AMD/AMD (6)/Image (11).TIFF
../Detection/Images/AMD Part1/AMD (6)/Image (13).png,./Dataset_3x50_Final/AMD/AMD (6)/Image (13).TIFF
../Detection/Images/AMD Part1/AMD (6)/Image (16).png,./Dataset_3x50_Final/AMD/AMD (6)/Image (16).TIFF
../Detection/Images/AMD Part1/AMD (6)/Image (20).png,./Dataset_3x50_Final/AMD/AMD (6)/Image (20).TIFF
../Detection/Images/AMD Part1/AMD (6)/Image (23).png,./Dataset_3x50_Final/AMD/AMD (6)/Image (23).TIFF
../Detection/Images/AMD Part1/AMD (6)/Image (29).png,./Dataset_3x50_Final/AMD/AMD (6)/Image (29).TIFF
../Detection/Images/AMD Part1/AMD (6)/Image (30).png,./Dataset_3x50_Final/AMD/AMD (6)/Image (30).TIFF
../Detection/Images/AMD Part1/AMD (6)/Image (31).png,./Dataset_3x50_Final/AMD/AMD (6)/Image (31).TIFF
../Detection/Images/AMD Part1/AMD (6)/Image (32).png,./Dataset_3x50_Final/AMD/AMD (6)/Image (32).TIFF
../Detection/Images/AMD Part1/AMD (7).E2E/2- 25- 2017 9- 20- 27 PM/Image 4.png,./Macular-Dataset-R.Rasti_old/AMD Part1/AMD (7).E2E/2- 25- 2017 9- 20- 27 PM/Image 4.TIFF
../Detection/Images/AMD Part1/AMD (7).E2E/2- 25- 2017 9- 20- 27 PM/Image 7.png,./Macular-Dataset-R.Rasti_old/AMD Part1/AMD (7).E2E/2- 25- 2017 9- 20- 27 PM/Image 7.TIFF
../Detection/Images/AMD Part1/AMD (7).E2E/2- 25- 2017 9- 20- 27 PM/Image 8.png,./Macular-Dataset-R.Rasti_old/AMD Part1/AMD (7).E2E/2- 25- 2017 9- 20- 27 PM/Image 8.TIFF
../Detection/Images/AMD Part1/AMD (7).E2E/2- 25- 2017 9- 20- 27 PM/Image 9.png,./Macular-Dataset-R.Rasti_old/AMD Part1/AMD (7).E2E/2- 25- 2017 9- 20- 27 PM/Image 9.TIFF
../Detection/Images/AMD Part1/AMD (7).E2E/2- 25- 2017 9- 20- 27 PM/Image 10.png,./Macular-Dataset-R.Rasti_old/AMD Part1/AMD (7).E2E/2- 25- 2017 9- 20- 27 PM/Image 10.TIFF
../Detection/Images/AMD Part1/AMD (7).E2E/2- 25- 2017 9- 20- 27 PM/Image 11.png,./Macular-Dataset-R.Rasti_old/AMD Part1/AMD (7).E2E/2- 25- 2017 9- 20- 27 PM/Image 11.TIFF
../Detection/Images/AMD Part1/AMD (7).E2E/2- 25- 2017 9- 20- 27 PM/Image 12.png,./Macular-Dataset-R.Rasti_old/AMD Part1/AMD (7).E2E/2- 25- 2017 9- 20- 27 PM/Image 12.TIFF
../Detection/Images/AMD Part1/AMD (7).E2E/2- 25- 2017 9- 20- 27 PM/Image 13.png,./Macular-Dataset-R.Rasti_old/AMD Part1/AMD (7).E2E/2- 25- 2017 9- 20- 27 PM/Image 13.TIFF
../Detection/Images/AMD Part1/AMD (7).E2E/2- 25- 2017 9- 20- 27 PM/Image 14.png,./Macular-Dataset-R.Rasti_old/AMD Part1/AMD (7).E2E/2- 25- 2017 9- 20- 27 PM/Image 14.TIFF
../Detection/Images/AMD Part1/AMD (7).E2E/2- 25- 2017 9- 20- 27 PM/Image 17.png,./Macular-Dataset-R.Rasti_old/AMD Part1/AMD (7).E2E/2- 25- 2017 9- 20- 27 PM/Image 17.TIFF
../Detection/Images/AMD Part1/AMD (7).E2E/2- 25- 2017 9- 20- 27 PM/Image 18.png,./Macular-Dataset-R.Rasti_old/AMD Part1/AMD (7).E2E/2- 25- 2017 9- 20- 27 PM/Image 18.TIFF
../Detection/Images/AMD Part1/AMD (7).E2E/2- 25- 2017 9- 20- 27 PM/Image 19.png,./Macular-Dataset-R.Rasti_old/AMD Part1/AMD (7).E2E/2- 25- 2017 9- 20- 27 PM/Image 19.TIFF
../Detection/Images/AMD Part1/AMD (7)/Image (3).png,./Dataset_3x50_Final/AMD/AMD (7)/Image (3).TIFF
../Detection/Images/AMD Part1/AMD (7)/Image (5).png,./Dataset_3x50_Final/AMD/AMD (7)/Image (5).TIFF
../Detection/Images/AMD Part1/AMD (7)/Image (7).png,./Dataset_3x50_Final/AMD/AMD (7)/Image (7).TIFF
../Detection/Images/AMD Part1/AMD (7)/Image (9).png,./Dataset_3x50_Final/AMD/AMD (7)/Image (9).TIFF
../Detection/Images/AMD Part1/AMD (7)/Image (10).png,./Dataset_3x50_Final/AMD/AMD (7)/Image (10).TIFF
../Detection/Images/AMD Part1/AMD (7)/Image (12).png,./Dataset_3x50_Final/AMD/AMD (7)/Image (12).TIFF
../Detection/Images/AMD Part1/AMD (7)/Image (14).png,./Dataset_3x50_Final/AMD/AMD (7)/Image (14).TIFF
../Detection/Images/AMD Part1/AMD (7)/Image (16).png,./Dataset_3x50_Final/AMD/AMD (7)/Image (16).TIFF
../Detection/Images/AMD Part1/AMD (7)/Image (17).png,./Dataset_3x50_Final/AMD/AMD (7)/Image (17).TIFF
../Detection/Images/AMD Part1/AMD (7)/Image (18).png,./Dataset_3x50_Final/AMD/AMD (7)/Image (18).TIFF
../Detection/Images/AMD Part1/AMD (7)/Image (20).png,./Dataset_3x50_Final/AMD/AMD (7)/Image (20).TIFF
../Detection/Images/AMD Part1/AMD (7)/Image (22).png,./Dataset_3x50_Final/AMD/AMD (7)/Image (22).TIFF
../Detection/Images/AMD Part1/AMD (7)/Image (24).png,./Dataset_3x50_Final/AMD/AMD (7)/Image (24).TIFF
../Detection/Images/AMD Part1/AMD (7)/Image (26).png,./Dataset_3x50_Final/AMD/AMD (7)/Image (26).TIFF
../Detection/Images/AMD Part1/AMD (7)/Image (27).png,./Dataset_3x50_Final/AMD/AMD (7)/Image (27).TIFF
../Detection/Images/AMD Part1/AMD (8).E2E/2- 25- 2017 9- 21- 50 PM/Image 1.png,./Macular-Dataset-R.Rasti_old/AMD Part1/AMD (8).E2E/2- 25- 2017 9- 21- 50 PM/Image 1.TIFF
../Detection/Images/AMD Part1/AMD (8).E2E/2- 25- 2017 9- 21- 50 PM/Image 2.png,./Macular-Dataset-R.Rasti_old/AMD Part1/AMD (8).E2E/2- 25- 2017 9- 21- 50 PM/Image 2.TIFF
../Detection/Images/AMD Part1/AMD (8).E2E/2- 25- 2017 9- 21- 50 PM/Image 18.png,./Macular-Dataset-R.Rasti_old/AMD Part1/AMD (8).E2E/2- 25- 2017 9- 21- 50 PM/Image 18.TIFF
../Detection/Images/AMD Part1/AMD (8).E2E/2- 25- 2017 9- 21- 50 PM/Image 19.png,./Macular-Dataset-R.Rasti_old/AMD Part1/AMD (8).E2E/2- 25- 2017 9- 21- 50 PM/Image 19.TIFF
../Detection/Images/AMD Part1/AMD (8)/Image (9).png,./Dataset_3x50_Final/AMD/AMD (8)/Image (9).TIFF
../Detection/Images/AMD Part1/AMD (8)/Image (13).png,./Dataset_3x50_Final/AMD/AMD (8)/Image (13).TIFF
../Detection/Images/AMD Part1/AMD (8)/Image (14).png,./Dataset_3x50_Final/AMD/AMD (8)/Image (14).TIFF
../Detection/Images/AMD Part1/AMD (8)/Image (15).png,./Dataset_3x50_Final/AMD/AMD (8)/Image (15).TIFF
../Detection/Images/AMD Part1/AMD (8)/Image (16).png,./Dataset_3x50_Final/AMD/AMD (8)/Image (16).TIFF
../Detection/Images/AMD Part1/AMD (8)/Image (17).png,./Dataset_3x50_Final/AMD/AMD (8)/Image (17).TIFF
../Detection/Images/AMD Part1/AMD (8)/Image (18).png,./Dataset_3x50_Final/AMD/AMD (8)/Image (18).TIFF
../Detection/Images/AMD Part1/AMD (8)/Image (20).png,./Dataset_3x50_Final/AMD/AMD (8)/Image (20).TIFF
../Detection/Images/AMD Part1/AMD (8)/Image (22).png,./Dataset_3x50_Final/AMD/AMD (8)/Image (22).TIFF
../Detection/Images/AMD Part1/AMD (8)/Image (23).png,./Dataset_3x50_Final/AMD/AMD (8)/Image (23).TIFF
../Detection/Images/AMD Part1/AMD (8)/Image (24).png,./Dataset_3x50_Final/AMD/AMD (8)/Image (24).TIFF
../Detection/Images/AMD Part1/AMD (8)/Image (25).png,./Dataset_3x50_Final/AMD/AMD (8)/Image (25).TIFF
../Detection/Images/AMD Part1/AMD (8)/Image (31).png,./Dataset_3x50_Final/AMD/AMD (8)/Image (31).TIFF
../Detection/Images/AMD Part1/AMD (9).E2E/2- 25- 2017 9- 25- 22 PM/Image 7.png,./Macular-Dataset-R.Rasti_old/AMD Part1/AMD (9).E2E/2- 25- 2017 9- 25- 22 PM/Image 7.TIFF
../Detection/Images/AMD Part1/AMD (9).E2E/2- 25- 2017 9- 25- 22 PM/Image 8.png,./Macular-Dataset-R.Rasti_old/AMD Part1/AMD (9).E2E/2- 25- 2017 9- 25- 22 PM/Image 8.TIFF
../Detection/Images/AMD Part1/AMD (9).E2E/2- 25- 2017 9- 25- 22 PM/Image 9.png,./Macular-Dataset-R.Rasti_old/AMD Part1/AMD (9).E2E/2- 25- 2017 9- 25- 22 PM/Image 9.TIFF
../Detection/Images/AMD Part1/AMD (9).E2E/2- 25- 2017 9- 25- 22 PM/Image 10.png,./Macular-Dataset-R.Rasti_old/AMD Part1/AMD (9).E2E/2- 25- 2017 9- 25- 22 PM/Image 10.TIFF
../Detection/Images/AMD Part1/AMD (9).E2E/2- 25- 2017 9- 25- 22 PM/Image 11.png,./Macular-Dataset-R.Rasti_old/AMD Part1/AMD (9).E2E/2- 25- 2017 9- 25- 22 PM/Image 11.TIFF
../Detection/Images/AMD Part1/AMD (9).E2E/2- 25- 2017 9- 25- 22 PM/Image 12.png,./Macular-Dataset-R.Rasti_old/AMD Part1/AMD (9).E2E/2- 25- 2017 9- 25- 22 PM/Image 12.TIFF
../Detection/Images/AMD Part1/AMD (9).E2E/2- 25- 2017 9- 25- 22 PM/Image 13.png,./Macular-Dataset-R.Rasti_old/AMD Part1/AMD (9).E2E/2- 25- 2017 9- 25- 22 PM/Image 13.TIFF
../Detection/Images/AMD Part1/AMD (9).E2E/2- 25- 2017 9- 25- 22 PM/Image 14.png,./Macular-Dataset-R.Rasti_old/AMD Part1/AMD (9).E2E/2- 25- 2017 9- 25- 22 PM/Image 14.TIFF
../Detection/Images/AMD Part1/AMD (9).E2E/2- 25- 2017 9- 25- 22 PM/Image 15.png,./Macular-Dataset-R.Rasti_old/AMD Part1/AMD (9).E2E/2- 25- 2017 9- 25- 22 PM/Image 15.TIFF
../Detection/Images/AMD Part1/AMD (10).E2E/2- 25- 2017 9- 27- 53 PM/Image 9.png,./Macular-Dataset-R.Rasti_old/AMD Part1/AMD (10).E2E/2- 25- 2017 9- 27- 53 PM/Image 9.TIFF
../Detection/Images/AMD Part1/AMD (10).E2E/2- 25- 2017 9- 27- 53 PM/Image 10.png,./Macular-Dataset-R.Rasti_old/AMD Part1/AMD (10).E2E/2- 25- 2017 9- 27- 53 PM/Image 10.TIFF
../Detection/Images/AMD Part1/AMD (10).E2E/2- 25- 2017 9- 27- 53 PM/Image 11.png,./Macular-Dataset-R.Rasti_old/AMD Part1/AMD (10).E2E/2- 25- 2017 9- 27- 53 PM/Image 11.TIFF
../Detection/Images/AMD Part1/AMD (10).E2E/2- 25- 2017 9- 27- 53 PM/Image 12.png,./Macular-Dataset-R.Rasti_old/AMD Part1/AMD (10).E2E/2- 25- 2017 9- 27- 53 PM/Image 12.TIFF
../Detection/Images/AMD Part1/AMD (10).E2E/2- 25- 2017 9- 27- 53 PM/Image 14.png,./Macular-Dataset-R.Rasti_old/AMD Part1/AMD (10).E2E/2- 25- 2017 9- 27- 53 PM/Image 14.TIFF
../Detection/Images/AMD Part1/AMD (10).E2E/2- 25- 2017 9- 27- 53 PM/Image 22.png,./Macular-Dataset-R.Rasti_old/AMD Part1/AMD (10).E2E/2- 25- 2017 9- 27- 53 PM/Image 22.TIFF
../Detection/Images/AMD Part1/AMD (10)/Image (9).png,./Dataset_3x50_Final/AMD/AMD (10)/Image (9).TIFF
../Detection/Images/AMD Part1/AMD (10)/Image (10).png,./Dataset_3x50_Final/AMD/AMD (10)/Image (10).TIFF
../Detection/Images/AMD Part1/AMD (10)/Image (11).png,./Dataset_3x50_Final/AMD/AMD (10)/Image (11).TIFF
../Detection/Images/AMD Part1/AMD (10)/Image (12).png,./Dataset_3x50_Final/AMD/AMD (10)/Image (12).TIFF
../Detection/Images/AMD Part1/AMD (10)/Image (14).png,./Dataset_3x50_Final/AMD/AMD (10)/Image (14).TIFF
../Detection/Images/AMD Part1/AMD (10)/Image (15).png,./Dataset_3x50_Final/AMD/AMD (10)/Image (15).TIFF
../Detection/Images/AMD Part1/AMD (10)/Image (17).png,./Dataset_3x50_Final/AMD/AMD (10)/Image (17).TIFF
../Detection/Images/AMD Part1/AMD (10)/Image (18).png,./Dataset_3x50_Final/AMD/AMD (10)/Image (18).TIFF
../Detection/Images/AMD Part1/AMD (10)/Image (21).png,./Dataset_3x50_Final/AMD/AMD (10)/Image (21).TIFF
../Detection/Images/AMD Part1/AMD (10)/Image (24).png,./Dataset_3x50_Final/AMD/AMD (10)/Image (24).TIFF
../Detection/Images/AMD Part1/AMD (10)/Image (26).png,./Dataset_3x50_Final/AMD/AMD (10)/Image (26).TIFF
../Detection/Images/AMD Part1/AMD (10)/Image (34).png,./Dataset_3x50_Final/AMD/AMD (10)/Image (34).TIFF
../Detection/Images/AMD Part1/AMD (11).E2E/2- 25- 2017 4- 44- 26 PM/Image 1.png,./Macular-Dataset-R.Rasti_old/AMD Part1/AMD (11).E2E/2- 25- 2017 4- 44- 26 PM/Image 1.TIFF
../Detection/Images/AMD Part1/AMD (11).E2E/2- 25- 2017 4- 44- 26 PM/Image 2.png,./Macular-Dataset-R.Rasti_old/AMD Part1/AMD (11).E2E/2- 25- 2017 4- 44- 26 PM/Image 2.TIFF
../Detection/Images/AMD Part1/AMD (11).E2E/2- 25- 2017 4- 44- 26 PM/Image 3.png,./Macular-Dataset-R.Rasti_old/AMD Part1/AMD (11).E2E/2- 25- 2017 4- 44- 26 PM/Image 3.TIFF
../Detection/Images/AMD Part1/AMD (11).E2E/2- 25- 2017 4- 44- 26 PM/Image 11.png,./Macular-Dataset-R.Rasti_old/AMD Part1/AMD (11).E2E/2- 25- 2017 4- 44- 26 PM/Image 11.TIFF
../Detection/Images/AMD Part1/AMD (11).E2E/2- 25- 2017 4- 44- 26 PM/Image 12.png,./Macular-Dataset-R.Rasti_old/AMD Part1/AMD (11).E2E/2- 25- 2017 4- 44- 26 PM/Image 12.TIFF
../Detection/Images/AMD Part1/AMD (11).E2E/2- 25- 2017 4- 44- 26 PM/Image 13.png,./Macular-Dataset-R.Rasti_old/AMD Part1/AMD (11).E2E/2- 25- 2017 4- 44- 26 PM/Image 13.TIFF
../Detection/Images/AMD Part1/AMD (11).E2E/2- 25- 2017 4- 44- 26 PM/Image 14.png,./Macular-Dataset-R.Rasti_old/AMD Part1/AMD (11).E2E/2- 25- 2017 4- 44- 26 PM/Image 14.TIFF
../Detection/Images/AMD Part1/AMD (11).E2E/2- 25- 2017 4- 44- 26 PM/Image 18.png,./Macular-Dataset-R.Rasti_old/AMD Part1/AMD (11).E2E/2- 25- 2017 4- 44- 26 PM/Image 18.TIFF
../Detection/Images/AMD Part1/AMD (11).E2E/2- 25- 2017 4- 44- 26 PM/Image 19.png,./Macular-Dataset-R.Rasti_old/AMD Part1/AMD (11).E2E/2- 25- 2017 4- 44- 26 PM/Image 19.TIFF
../Detection/Images/AMD Part1/AMD (11)/Image (4).png,./Dataset_3x50_Final/AMD/AMD (11)/Image (4).TIFF
../Detection/Images/AMD Part1/AMD (11)/Image (5).png,./Dataset_3x50_Final/AMD/AMD (11)/Image (5).TIFF
../Detection/Images/AMD Part1/AMD (11)/Image (6).png,./Dataset_3x50_Final/AMD/AMD (11)/Image (6).TIFF
../Detection/Images/AMD Part1/AMD (11)/Image (7).png,./Dataset_3x50_Final/AMD/AMD (11)/Image (7).TIFF
../Detection/Images/AMD Part1/AMD (11)/Image (9).png,./Dataset_3x50_Final/AMD/AMD (11)/Image (9).TIFF
../Detection/Images/AMD Part1/AMD (11)/Image (10).png,./Dataset_3x50_Final/AMD/AMD (11)/Image (10).TIFF
../Detection/Images/AMD Part1/AMD (11)/Image (11).png,./Dataset_3x50_Final/AMD/AMD (11)/Image (11).TIFF
../Detection/Images/AMD Part1/AMD (11)/Image (12).png,./Dataset_3x50_Final/AMD/AMD (11)/Image (12).TIFF
../Detection/Images/AMD Part1/AMD (11)/Image (13).png,./Dataset_3x50_Final/AMD/AMD (11)/Image (13).TIFF
../Detection/Images/AMD Part1/AMD (11)/Image (14).png,./Dataset_3x50_Final/AMD/AMD (11)/Image (14).TIFF
../Detection/Images/AMD Part1/AMD (11)/Image (15).png,./Dataset_3x50_Final/AMD/AMD (11)/Image (15).TIFF
../Detection/Images/AMD Part1/AMD (11)/Image (16).png,./Dataset_3x50_Final/AMD/AMD (11)/Image (16).TIFF
../Detection/Images/AMD Part1/AMD (11)/Image (19).png,./Dataset_3x50_Final/AMD/AMD (11)/Image (19).TIFF
../Detection/Images/AMD Part1/AMD (11)/Image (23).png,./Dataset_3x50_Final/AMD/AMD (11)/Image (23).TIFF
../Detection/Images/AMD Part1/AMD (11)/Image (28).png,./Dataset_3x50_Final/AMD/AMD (11)/Image (28).TIFF
../Detection/Images/AMD Part1/AMD (11)/Image (31).png,./Dataset_3x50_Final/AMD/AMD (11)/Image (31).TIFF
../Detection/Images/AMD Part1/AMD (12).E2E/2- 25- 2017 4- 45- 26 PM/Image 14.png,./Macular-Dataset-R.Rasti_old/AMD Part1/AMD (12).E2E/2- 25- 2017 4- 45- 26 PM/Image 14.TIFF
../Detection/Images/AMD Part1/AMD (12).E2E/2- 25- 2017 4- 45- 26 PM/Image 15.png,./Macular-Dataset-R.Rasti_old/AMD Part1/AMD (12).E2E/2- 25- 2017 4- 45- 26 PM/Image 15.TIFF
../Detection/Images/AMD Part1/AMD (12).E2E/2- 25- 2017 4- 45- 26 PM/Image 16.png,./Macular-Dataset-R.Rasti_old/AMD Part1/AMD (12).E2E/2- 25- 2017 4- 45- 26 PM/Image 16.TIFF
../Detection/Images/AMD Part1/AMD (13).E2E/2- 25- 2017 4- 48- 43 PM/Image 24.png,./Macular-Dataset-R.Rasti_old/AMD Part1/AMD (13).E2E/2- 25- 2017 4- 48- 43 PM/Image 24.TIFF
../Detection/Images/AMD Part1/AMD (13).E2E/2- 25- 2017 4- 48- 43 PM/Image 25.png,./Macular-Dataset-R.Rasti_old/AMD Part1/AMD (13).E2E/2- 25- 2017 4- 48- 43 PM/Image 25.TIFF
../Detection/Images/AMD Part1/AMD (13).E2E/2- 25- 2017 4- 48- 43 PM/Image 26.png,./Macular-Dataset-R.Rasti_old/AMD Part1/AMD (13).E2E/2- 25- 2017 4- 48- 43 PM/Image 26.TIFF
../Detection/Images/AMD Part1/AMD (13).E2E/2- 25- 2017 4- 48- 43 PM/Image 27.png,./Macular-Dataset-R.Rasti_old/AMD Part1/AMD (13).E2E/2- 25- 2017 4- 48- 43 PM/Image 27.TIFF
../Detection/Images/AMD Part1/AMD (13).E2E/2- 25- 2017 4- 48- 43 PM/Image 28.png,./Macular-Dataset-R.Rasti_old/AMD Part1/AMD (13).E2E/2- 25- 2017 4- 48- 43 PM/Image 28.TIFF
../Detection/Images/AMD Part1/AMD (13).E2E/2- 25- 2017 4- 48- 43 PM/Image 29.png,./Macular-Dataset-R.Rasti_old/AMD Part1/AMD (13).E2E/2- 25- 2017 4- 48- 43 PM/Image 29.TIFF
../Detection/Images/AMD Part1/AMD (13).E2E/2- 25- 2017 4- 48- 43 PM/Image 30.png,./Macular-Dataset-R.Rasti_old/AMD Part1/AMD (13).E2E/2- 25- 2017 4- 48- 43 PM/Image 30.TIFF
../Detection/Images/AMD Part1/AMD (13).E2E/2- 25- 2017 4- 48- 43 PM/Image 31.png,./Macular-Dataset-R.Rasti_old/AMD Part1/AMD (13).E2E/2- 25- 2017 4- 48- 43 PM/Image 31.TIFF
../Detection/Images/AMD Part1/AMD (13).E2E/2- 25- 2017 4- 48- 43 PM/Image 34.png,./Macular-Dataset-R.Rasti_old/AMD Part1/AMD (13).E2E/2- 25- 2017 4- 48- 43 PM/Image 34.TIFF
../Detection/Images/AMD Part1/AMD (13).E2E/2- 25- 2017 4- 48- 43 PM/Image 35.png,./Macular-Dataset-R.Rasti_old/AMD Part1/AMD (13).E2E/2- 25- 2017 4- 48- 43 PM/Image 35.TIFF
../Detection/Images/AMD Part1/AMD (13).E2E/2- 25- 2017 4- 48- 43 PM/Image 36.png,./Macular-Dataset-R.Rasti_old/AMD Part1/AMD (13).E2E/2- 25- 2017 4- 48- 43 PM/Image 36.TIFF
../Detection/Images/AMD Part1/AMD (13)/Image (9).png,./Dataset_3x50_Final/AMD/AMD (13)/Image (9).TIFF
../Detection/Images/AMD Part1/AMD (13)/Image (11).png,./Dataset_3x50_Final/AMD/AMD (13)/Image (11).TIFF
../Detection/Images/AMD Part1/AMD (13)/Image (13).png,./Dataset_3x50_Final/AMD/AMD (13)/Image (13).TIFF
../Detection/Images/AMD Part1/AMD (13)/Image (15).png,./Dataset_3x50_Final/AMD/AMD (13)/Image (15).TIFF
../Detection/Images/AMD Part1/AMD (13)/Image (16).png,./Dataset_3x50_Final/AMD/AMD (13)/Image (16).TIFF
../Detection/Images/AMD Part1/AMD (13)/Image (17).png,./Dataset_3x50_Final/AMD/AMD (13)/Image (17).TIFF
../Detection/Images/AMD Part1/AMD (13)/Image (18).png,./Dataset_3x50_Final/AMD/AMD (13)/Image (18).TIFF
../Detection/Images/AMD Part1/AMD (13)/Image (19).png,./Dataset_3x50_Final/AMD/AMD (13)/Image (19).TIFF
../Detection/Images/AMD Part1/AMD (13)/Image (20).png,./Dataset_3x50_Final/AMD/AMD (13)/Image (20).TIFF
../Detection/Images/AMD Part1/AMD (13)/Image (21).png,./Dataset_3x50_Final/AMD/AMD (13)/Image (21).TIFF
../Detection/Images/AMD Part1/AMD (13)/Image (22).png,./Dataset_3x50_Final/AMD/AMD (13)/Image (22).TIFF
../Detection/Images/AMD Part1/AMD (13)/Image (23).png,./Dataset_3x50_Final/AMD/AMD (13)/Image (23).TIFF
../Detection/Images/AMD Part1/AMD (13)/Image (24).png,./Dataset_3x50_Final/AMD/AMD (13)/Image (24).TIFF
../Detection/Images/AMD Part1/AMD (13)/Image (25).png,./Dataset_3x50_Final/AMD/AMD (13)/Image (25).TIFF
../Detection/Images/AMD Part1/AMD (13)/Image (27).png,./Dataset_3x50_Final/AMD/AMD (13)/Image (27).TIFF
../Detection/Images/AMD Part1/AMD (13)/Image (29).png,./Dataset_3x50_Final/AMD/AMD (13)/Image (29).TIFF
../Detection/Images/AMD Part1/AMD (14).E2E/2- 25- 2017 4- 50- 16 PM/Image 3.png,./Macular-Dataset-R.Rasti_old/AMD Part1/AMD (14).E2E/2- 25- 2017 4- 50- 16 PM/Image 3.TIFF
../Detection/Images/AMD Part1/AMD (14).E2E/2- 25- 2017 4- 50- 16 PM/Image 4.png,./Macular-Dataset-R.Rasti_old/AMD Part1/AMD (14).E2E/2- 25- 2017 4- 50- 16 PM/Image 4.TIFF
../Detection/Images/AMD Part1/AMD (14).E2E/2- 25- 2017 4- 50- 16 PM/Image 6.png,./Macular-Dataset-R.Rasti_old/AMD Part1/AMD (14).E2E/2- 25- 2017 4- 50- 16 PM/Image 6.TIFF
../Detection/Images/AMD Part1/AMD (14).E2E/2- 25- 2017 4- 50- 16 PM/Image 9.png,./Macular-Dataset-R.Rasti_old/AMD Part1/AMD (14).E2E/2- 25- 2017 4- 50- 16 PM/Image 9.TIFF
../Detection/Images/AMD Part1/AMD (14).E2E/2- 25- 2017 4- 50- 16 PM/Image 13.png,./Macular-Dataset-R.Rasti_old/AMD Part1/AMD (14).E2E/2- 25- 2017 4- 50- 16 PM/Image 13.TIFF
../Detection/Images/AMD Part1/AMD (14).E2E/2- 25- 2017 4- 50- 16 PM/Image 14.png,./Macular-Dataset-R.Rasti_old/AMD Part1/AMD (14).E2E/2- 25- 2017 4- 50- 16 PM/Image 14.TIFF
../Detection/Images/AMD Part1/AMD (14).E2E/2- 25- 2017 4- 50- 16 PM/Image 15.png,./Macular-Dataset-R.Rasti_old/AMD Part1/AMD (14).E2E/2- 25- 2017 4- 50- 16 PM/Image 15.TIFF
../Detection/Images/AMD Part1/AMD (14).E2E/2- 25- 2017 4- 50- 16 PM/Image 16.png,./Macular-Dataset-R.Rasti_old/AMD Part1/AMD (14).E2E/2- 25- 2017 4- 50- 16 PM/Image 16.TIFF
../Detection/Images/AMD Part1/AMD (14)/Image (7).png,./Dataset_3x50_Final/AMD/AMD (14)/Image (7).TIFF
../Detection/Images/AMD Part1/AMD (14)/Image (9).png,./Dataset_3x50_Final/AMD/AMD (14)/Image (9).TIFF
../Detection/Images/AMD Part1/AMD (14)/Image (11).png,./Dataset_3x50_Final/AMD/AMD (14)/Image (11).TIFF
../Detection/Images/AMD Part1/AMD (14)/Image (13).png,./Dataset_3x50_Final/AMD/AMD (14)/Image (13).TIFF
../Detection/Images/AMD Part1/AMD (14)/Image (15).png,./Dataset_3x50_Final/AMD/AMD (14)/Image (15).TIFF
../Detection/Images/AMD Part1/AMD (14)/Image (17).png,./Dataset_3x50_Final/AMD/AMD (14)/Image (17).TIFF
../Detection/Images/AMD Part1/AMD (14)/Image (19).png,./Dataset_3x50_Final/AMD/AMD (14)/Image (19).TIFF
../Detection/Images/AMD Part1/AMD (14)/Image (21).png,./Dataset_3x50_Final/AMD/AMD (14)/Image (21).TIFF
../Detection/Images/AMD Part1/AMD (14)/Image (23).png,./Dataset_3x50_Final/AMD/AMD (14)/Image (23).TIFF
../Detection/Images/AMD Part1/AMD (14)/Image (31).png,./Dataset_3x50_Final/AMD/AMD (14)/Image (31).TIFF
../Detection/Images/AMD Part1/AMD (14)/Image (33).png,./Dataset_3x50_Final/AMD/AMD (14)/Image (33).TIFF
../Detection/Images/AMD Part1/AMD (14)/Image (35).png,./Dataset_3x50_Final/AMD/AMD (14)/Image (35).TIFF
../Detection/Images/AMD Part1/AMD (14)/Image (37).png,./Dataset_3x50_Final/AMD/AMD (14)/Image (37).TIFF
../Detection/Images/AMD Part1/AMD (14)/Image (41).png,./Dataset_3x50_Final/AMD/AMD (14)/Image (41).TIFF
../Detection/Images/AMD Part1/AMD (14)/Image (44).png,./Dataset_3x50_Final/AMD/AMD (14)/Image (44).TIFF
../Detection/Images/AMD Part1/AMD (14)/Image (47).png,./Dataset_3x50_Final/AMD/AMD (14)/Image (47).TIFF
../Detection/Images/AMD Part1/AMD (14)/Image (50).png,./Dataset_3x50_Final/AMD/AMD (14)/Image (50).TIFF
../Detection/Images/AMD Part1/AMD (15).E2E/2- 25- 2017 4- 57- 03 PM/Image 13.PNG,./Macular-Dataset-R.Rasti_old/AMD Part1/AMD (15).E2E/2- 25- 2017 4- 57- 03 PM/Image 13.PNG
../Detection/Images/AMD Part1/AMD (15).E2E/2- 25- 2017 4- 57- 03 PM/Image 14.PNG,./Macular-Dataset-R.Rasti_old/AMD Part1/AMD (15).E2E/2- 25- 2017 4- 57- 03 PM/Image 14.PNG
../Detection/Images/AMD Part1/AMD (15).E2E/2- 25- 2017 4- 57- 03 PM/Image 15.PNG,./Macular-Dataset-R.Rasti_old/AMD Part1/AMD (15).E2E/2- 25- 2017 4- 57- 03 PM/Image 15.PNG
../Detection/Images/AMD Part1/AMD (15).E2E/2- 25- 2017 4- 57- 03 PM/Image 16.PNG,./Macular-Dataset-R.Rasti_old/AMD Part1/AMD (15).E2E/2- 25- 2017 4- 57- 03 PM/Image 16.PNG
../Detection/Images/AMD Part1/AMD (16).E2E/2- 25- 2017 4- 57- 54 PM/Image 1.PNG,./Macular-Dataset-R.Rasti_old/AMD Part1/AMD (16).E2E/2- 25- 2017 4- 57- 54 PM/Image 1.PNG
../Detection/Images/AMD Part1/AMD (16).E2E/2- 25- 2017 4- 57- 54 PM/Image 2.PNG,./Macular-Dataset-R.Rasti_old/AMD Part1/AMD (16).E2E/2- 25- 2017 4- 57- 54 PM/Image 2.PNG
../Detection/Images/AMD Part1/AMD (16).E2E/2- 25- 2017 4- 57- 54 PM/Image 3.PNG,./Macular-Dataset-R.Rasti_old/AMD Part1/AMD (16).E2E/2- 25- 2017 4- 57- 54 PM/Image 3.PNG
../Detection/Images/AMD Part1/AMD (16).E2E/2- 25- 2017 4- 57- 54 PM/Image 4.PNG,./Macular-Dataset-R.Rasti_old/AMD Part1/AMD (16).E2E/2- 25- 2017 4- 57- 54 PM/Image 4.PNG
../Detection/Images/AMD Part1/AMD (16).E2E/2- 25- 2017 4- 57- 54 PM/Image 8.PNG,./Macular-Dataset-R.Rasti_old/AMD Part1/AMD (16).E2E/2- 25- 2017 4- 57- 54 PM/Image 8.PNG
../Detection/Images/AMD Part1/AMD (16).E2E/2- 25- 2017 4- 57- 54 PM/Image 9.PNG,./Macular-Dataset-R.Rasti_old/AMD Part1/AMD (16).E2E/2- 25- 2017 4- 57- 54 PM/Image 9.PNG
../Detection/Images/AMD Part1/AMD (16).E2E/2- 25- 2017 4- 57- 54 PM/Image 11.PNG,./Macular-Dataset-R.Rasti_old/AMD Part1/AMD (16).E2E/2- 25- 2017 4- 57- 54 PM/Image 11.PNG
../Detection/Images/AMD Part1/AMD (16).E2E/2- 25- 2017 4- 57- 54 PM/Image 12.PNG,./Macular-Dataset-R.Rasti_old/AMD Part1/AMD (16).E2E/2- 25- 2017 4- 57- 54 PM/Image 12.PNG
../Detection/Images/AMD Part1/AMD (16).E2E/2- 25- 2017 4- 57- 54 PM/Image 13.PNG,./Macular-Dataset-R.Rasti_old/AMD Part1/AMD (16).E2E/2- 25- 2017 4- 57- 54 PM/Image 13.PNG
../Detection/Images/AMD Part1/AMD (17).E2E/2- 25- 2017 4- 59- 48 PM/Image 7.PNG,./Macular-Dataset-R.Rasti_old/AMD Part1/AMD (17).E2E/2- 25- 2017 4- 59- 48 PM/Image 7.PNG
../Detection/Images/AMD Part1/AMD (17).E2E/2- 25- 2017 4- 59- 48 PM/Image 8.PNG,./Macular-Dataset-R.Rasti_old/AMD Part1/AMD (17).E2E/2- 25- 2017 4- 59- 48 PM/Image 8.PNG
../Detection/Images/AMD Part1/AMD (17).E2E/2- 25- 2017 4- 59- 48 PM/Image 9.PNG,./Macular-Dataset-R.Rasti_old/AMD Part1/AMD (17).E2E/2- 25- 2017 4- 59- 48 PM/Image 9.PNG
../Detection/Images/AMD Part1/AMD (17).E2E/2- 25- 2017 4- 59- 48 PM/Image 10.PNG,./Macular-Dataset-R.Rasti_old/AMD Part1/AMD (17).E2E/2- 25- 2017 4- 59- 48 PM/Image 10.PNG
../Detection/Images/AMD Part1/AMD (17).E2E/2- 25- 2017 4- 59- 48 PM/Image 11.PNG,./Macular-Dataset-R.Rasti_old/AMD Part1/AMD (17).E2E/2- 25- 2017 4- 59- 48 PM/Image 11.PNG
../Detection/Images/AMD Part1/AMD (17).E2E/2- 25- 2017 4- 59- 48 PM/Image 12.PNG,./Macular-Dataset-R.Rasti_old/AMD Part1/AMD (17).E2E/2- 25- 2017 4- 59- 48 PM/Image 12.PNG
../Detection/Images/AMD Part1/AMD (17).E2E/2- 25- 2017 4- 59- 48 PM/Image 13.PNG,./Macular-Dataset-R.Rasti_old/AMD Part1/AMD (17).E2E/2- 25- 2017 4- 59- 48 PM/Image 13.PNG
../Detection/Images/AMD Part1/AMD (18).E2E/2- 25- 2017 5- 01- 17 PM/Image 1.PNG,./Macular-Dataset-R.Rasti_old/AMD Part1/AMD (18).E2E/2- 25- 2017 5- 01- 17 PM/Image 1.PNG
../Detection/Images/AMD Part1/AMD (18).E2E/2- 25- 2017 5- 01- 17 PM/Image 2.PNG,./Macular-Dataset-R.Rasti_old/AMD Part1/AMD (18).E2E/2- 25- 2017 5- 01- 17 PM/Image 2.PNG
../Detection/Images/AMD Part1/AMD (18).E2E/2- 25- 2017 5- 01- 17 PM/Image 3.PNG,./Macular-Dataset-R.Rasti_old/AMD Part1/AMD (18).E2E/2- 25- 2017 5- 01- 17 PM/Image 3.PNG
../Detection/Images/AMD Part1/AMD (18).E2E/2- 25- 2017 5- 01- 17 PM/Image 4.PNG,./Macular-Dataset-R.Rasti_old/AMD Part1/AMD (18).E2E/2- 25- 2017 5- 01- 17 PM/Image 4.PNG
../Detection/Images/AMD Part1/AMD (18).E2E/2- 25- 2017 5- 01- 17 PM/Image 5.PNG,./Macular-Dataset-R.Rasti_old/AMD Part1/AMD (18).E2E/2- 25- 2017 5- 01- 17 PM/Image 5.PNG
../Detection/Images/AMD Part1/AMD (18).E2E/2- 25- 2017 5- 01- 17 PM/Image 6.PNG,./Macular-Dataset-R.Rasti_old/AMD Part1/AMD (18).E2E/2- 25- 2017 5- 01- 17 PM/Image 6.PNG
../Detection/Images/AMD Part1/AMD (18)/Image (10).png,./Dataset_3x50_Final/AMD/AMD (18)/Image (10).TIFF
../Detection/Images/AMD Part1/AMD (18)/Image (13).png,./Dataset_3x50_Final/AMD/AMD (18)/Image (13).TIFF
../Detection/Images/AMD Part1/AMD (18)/Image (16).png,./Dataset_3x50_Final/AMD/AMD (18)/Image (16).TIFF
../Detection/Images/AMD Part1/AMD (18)/Image (19).png,./Dataset_3x50_Final/AMD/AMD (18)/Image (19).TIFF
../Detection/Images/AMD Part1/AMD (18)/Image (23).png,./Dataset_3x50_Final/AMD/AMD (18)/Image (23).TIFF
../Detection/Images/AMD Part1/AMD (18)/Image (27).png,./Dataset_3x50_Final/AMD/AMD (18)/Image (27).TIFF
../Detection/Images/AMD Part1/AMD (18)/Image (30).png,./Dataset_3x50_Final/AMD/AMD (18)/Image (30).TIFF
../Detection/Images/AMD Part1/AMD (18)/Image (32).png,./Dataset_3x50_Final/AMD/AMD (18)/Image (32).TIFF
../Detection/Images/AMD Part1/AMD (19).E2E/2- 25- 2017 5- 02- 38 PM/Image 10.PNG,./Macular-Dataset-R.Rasti_old/AMD Part1/AMD (19).E2E/2- 25- 2017 5- 02- 38 PM/Image 10.PNG
../Detection/Images/AMD Part1/AMD (19).E2E/2- 25- 2017 5- 02- 38 PM/Image 11.PNG,./Macular-Dataset-R.Rasti_old/AMD Part1/AMD (19).E2E/2- 25- 2017 5- 02- 38 PM/Image 11.PNG
../Detection/Images/AMD Part1/AMD (19).E2E/2- 25- 2017 5- 02- 38 PM/Image 12.PNG,./Macular-Dataset-R.Rasti_old/AMD Part1/AMD (19).E2E/2- 25- 2017 5- 02- 38 PM/Image 12.PNG
../Detection/Images/AMD Part1/AMD (19).E2E/2- 25- 2017 5- 02- 38 PM/Image 13.PNG,./Macular-Dataset-R.Rasti_old/AMD Part1/AMD (19).E2E/2- 25- 2017 5- 02- 38 PM/Image 13.PNG
../Detection/Images/AMD Part1/AMD (19)/Image (9).png,./Dataset_3x50_Final/AMD/AMD (19)/Image (9).TIFF
../Detection/Images/AMD Part1/AMD (19)/Image (15).png,./Dataset_3x50_Final/AMD/AMD (19)/Image (15).TIFF
../Detection/Images/AMD Part1/AMD (19)/Image (19).png,./Dataset_3x50_Final/AMD/AMD (19)/Image (19).TIFF
../Detection/Images/AMD Part1/AMD (19)/Image (23).png,./Dataset_3x50_Final/AMD/AMD (19)/Image (23).TIFF
../Detection/Images/AMD Part1/AMD (19)/Image (28).png,./Dataset_3x50_Final/AMD/AMD (19)/Image (28).TIFF
../Detection/Images/AMD Part1/AMD (19)/Image (32).png,./Dataset_3x50_Final/AMD/AMD (19)/Image (32).TIFF
../Detection/Images/AMD Part1/AMD (19)/Image (36).png,./Dataset_3x50_Final/AMD/AMD (19)/Image (36).TIFF
../Detection/Images/AMD Part1/AMD (20).E2E/2- 25- 2017 5- 09- 09 PM/Image 10.png,./Macular-Dataset-R.Rasti_old/AMD Part1/AMD (20).E2E/2- 25- 2017 5- 09- 09 PM/Image 10.TIFF
../Detection/Images/AMD Part1/AMD (20).E2E/2- 25- 2017 5- 09- 09 PM/Image 11.png,./Macular-Dataset-R.Rasti_old/AMD Part1/AMD (20).E2E/2- 25- 2017 5- 09- 09 PM/Image 11.TIFF
../Detection/Images/AMD Part1/AMD (20).E2E/2- 25- 2017 5- 09- 09 PM/Image 15.png,./Macular-Dataset-R.Rasti_old/AMD Part1/AMD (20).E2E/2- 25- 2017 5- 09- 09 PM/Image 15.TIFF
../Detection/Images/AMD Part1/AMD (20).E2E/2- 25- 2017 5- 09- 09 PM/Image 16.png,./Macular-Dataset-R.Rasti_old/AMD Part1/AMD (20).E2E/2- 25- 2017 5- 09- 09 PM/Image 16.TIFF
../Detection/Images/AMD Part1/AMD (21).E2E/2- 25- 2017 5- 10- 29 PM/Image 30.png,./Macular-Dataset-R.Rasti_old/AMD Part1/AMD (21).E2E/2- 25- 2017 5- 10- 29 PM/Image 30.TIFF
../Detection/Images/AMD Part1/AMD (21).E2E/2- 25- 2017 5- 10- 29 PM/Image 54.png,./Macular-Dataset-R.Rasti_old/AMD Part1/AMD (21).E2E/2- 25- 2017 5- 10- 29 PM/Image 54.TIFF
../Detection/Images/AMD Part1/AMD (21).E2E/2- 25- 2017 5- 10- 29 PM/Image 55.png,./Macular-Dataset-R.Rasti_old/AMD Part1/AMD (21).E2E/2- 25- 2017 5- 10- 29 PM/Image 55.TIFF
../Detection/Images/AMD Part1/AMD (21)/Image (8).png,./Dataset_3x50_Final/AMD/AMD (21)/Image (8).TIFF
../Detection/Images/AMD Part1/AMD (21)/Image (10).png,./Dataset_3x50_Final/AMD/AMD (21)/Image (10).TIFF
../Detection/Images/AMD Part1/AMD (21)/Image (13).png,./Dataset_3x50_Final/AMD/AMD (21)/Image (13).TIFF
../Detection/Images/AMD Part1/AMD (21)/Image (17).png,./Dataset_3x50_Final/AMD/AMD (21)/Image (17).TIFF
../Detection/Images/AMD Part1/AMD (21)/Image (21).png,./Dataset_3x50_Final/AMD/AMD (21)/Image (21).TIFF
../Detection/Images/AMD Part1/AMD (21)/Image (25).png,./Dataset_3x50_Final/AMD/AMD (21)/Image (25).TIFF
../Detection/Images/AMD Part1/AMD (21)/Image (31).png,./Dataset_3x50_Final/AMD/AMD (21)/Image (31).TIFF
../Detection/Images/AMD Part1/AMD (21)/Image (36).png,./Dataset_3x50_Final/AMD/AMD (21)/Image (36).TIFF
../Detection/Images/AMD Part1/AMD (21)/Image (39).png,./Dataset_3x50_Final/AMD/AMD (21)/Image (39).TIFF
../Detection/Images/AMD Part1/AMD (21)/Image (49).png,./Dataset_3x50_Final/AMD/AMD (21)/Image (49).TIFF
../Detection/Images/AMD Part1/AMD (21)/Image (56).png,./Dataset_3x50_Final/AMD/AMD (21)/Image (56).TIFF
../Detection/Images/AMD Part1/AMD (21)/Image (59).png,./Dataset_3x50_Final/AMD/AMD (21)/Image (59).TIFF
../Detection/Images/AMD Part1/AMD (21)/Image (61).png,./Dataset_3x50_Final/AMD/AMD (21)/Image (61).TIFF
../Detection/Images/AMD Part1/AMD (21)/Image (64).png,./Dataset_3x50_Final/AMD/AMD (21)/Image (64).TIFF
../Detection/Images/AMD Part1/AMD (24).E2E/2- 25- 2017 5- 17- 27 PM/Image 23.png,./Macular-Dataset-R.Rasti_old/AMD Part1/AMD (24).E2E/2- 25- 2017 5- 17- 27 PM/Image 23.TIFF
../Detection/Images/AMD Part1/AMD (24).E2E/2- 25- 2017 5- 17- 27 PM/Image 26.png,./Macular-Dataset-R.Rasti_old/AMD Part1/AMD (24).E2E/2- 25- 2017 5- 17- 27 PM/Image 26.TIFF
../Detection/Images/AMD Part1/AMD (24).E2E/2- 25- 2017 5- 17- 27 PM/Image 27.png,./Macular-Dataset-R.Rasti_old/AMD Part1/AMD (24).E2E/2- 25- 2017 5- 17- 27 PM/Image 27.TIFF
../Detection/Images/AMD Part1/AMD (24).E2E/2- 25- 2017 5- 17- 27 PM/Image 28.png,./Macular-Dataset-R.Rasti_old/AMD Part1/AMD (24).E2E/2- 25- 2017 5- 17- 27 PM/Image 28.TIFF
../Detection/Images/AMD Part1/AMD (25).E2E/2- 25- 2017 5- 21- 35 PM/Image 13.png,./Macular-Dataset-R.Rasti_old/AMD Part1/AMD (25).E2E/2- 25- 2017 5- 21- 35 PM/Image 13.TIFF
../Detection/Images/AMD Part1/AMD (25).E2E/2- 25- 2017 5- 21- 35 PM/Image 14.png,./Macular-Dataset-R.Rasti_old/AMD Part1/AMD (25).E2E/2- 25- 2017 5- 21- 35 PM/Image 14.TIFF
../Detection/Images/AMD Part1/AMD (25).E2E/2- 25- 2017 5- 21- 35 PM/Image 15.png,./Macular-Dataset-R.Rasti_old/AMD Part1/AMD (25).E2E/2- 25- 2017 5- 21- 35 PM/Image 15.TIFF
../Detection/Images/AMD Part1/AMD (25).E2E/2- 25- 2017 5- 21- 35 PM/Image 16.png,./Macular-Dataset-R.Rasti_old/AMD Part1/AMD (25).E2E/2- 25- 2017 5- 21- 35 PM/Image 16.TIFF
../Detection/Images/AMD Part1/AMD (25).E2E/2- 25- 2017 5- 21- 35 PM/Image 17.png,./Macular-Dataset-R.Rasti_old/AMD Part1/AMD (25).E2E/2- 25- 2017 5- 21- 35 PM/Image 17.TIFF
../Detection/Images/AMD Part1/AMD (25).E2E/2- 25- 2017 5- 21- 35 PM/Image 18.png,./Macular-Dataset-R.Rasti_old/AMD Part1/AMD (25).E2E/2- 25- 2017 5- 21- 35 PM/Image 18.TIFF
../Detection/Images/AMD Part1/AMD (26).E2E/2- 25- 2017 5- 23- 01 PM/Image 13.png,./Macular-Dataset-R.Rasti_old/AMD Part1/AMD (26).E2E/2- 25- 2017 5- 23- 01 PM/Image 13.TIFF
../Detection/Images/AMD Part1/AMD (26).E2E/2- 25- 2017 5- 23- 01 PM/Image 14.png,./Macular-Dataset-R.Rasti_old/AMD Part1/AMD (26).E2E/2- 25- 2017 5- 23- 01 PM/Image 14.TIFF
../Detection/Images/AMD Part1/AMD (26).E2E/2- 25- 2017 5- 23- 01 PM/Image 15.png,./Macular-Dataset-R.Rasti_old/AMD Part1/AMD (26).E2E/2- 25- 2017 5- 23- 01 PM/Image 15.TIFF
../Detection/Images/AMD Part1/AMD (26).E2E/2- 25- 2017 5- 23- 01 PM/Image 16.png,./Macular-Dataset-R.Rasti_old/AMD Part1/AMD (26).E2E/2- 25- 2017 5- 23- 01 PM/Image 16.TIFF
../Detection/Images/AMD Part1/AMD (26).E2E/2- 25- 2017 5- 23- 01 PM/Image 17.png,./Macular-Dataset-R.Rasti_old/AMD Part1/AMD (26).E2E/2- 25- 2017 5- 23- 01 PM/Image 17.TIFF
../Detection/Images/AMD Part1/AMD (26).E2E/2- 25- 2017 5- 23- 01 PM/Image 25.png,./Macular-Dataset-R.Rasti_old/AMD Part1/AMD (26).E2E/2- 25- 2017 5- 23- 01 PM/Image 25.TIFF
../Detection/Images/AMD Part1/AMD (26).E2E/2- 25- 2017 5- 23- 01 PM/Image 30.png,./Macular-Dataset-R.Rasti_old/AMD Part1/AMD (26).E2E/2- 25- 2017 5- 23- 01 PM/Image 30.TIFF
../Detection/Images/AMD Part1/AMD (26).E2E/2- 25- 2017 5- 23- 01 PM/Image 31.png,./Macular-Dataset-R.Rasti_old/AMD Part1/AMD (26).E2E/2- 25- 2017 5- 23- 01 PM/Image 31.TIFF
../Detection/Images/AMD Part1/AMD (26).E2E/2- 25- 2017 5- 23- 01 PM/Image 32.png,./Macular-Dataset-R.Rasti_old/AMD Part1/AMD (26).E2E/2- 25- 2017 5- 23- 01 PM/Image 32.TIFF
../Detection/Images/AMD Part1/AMD (26).E2E/2- 25- 2017 5- 23- 01 PM/Image 38.png,./Macular-Dataset-R.Rasti_old/AMD Part1/AMD (26).E2E/2- 25- 2017 5- 23- 01 PM/Image 38.TIFF
../Detection/Images/AMD Part1/AMD (26).E2E/2- 25- 2017 5- 23- 01 PM/Image 41.png,./Macular-Dataset-R.Rasti_old/AMD Part1/AMD (26).E2E/2- 25- 2017 5- 23- 01 PM/Image 41.TIFF
../Detection/Images/AMD Part1/AMD (26)/Image (4).png,./Dataset_3x50_Final/AMD/AMD (26)/Image (4).TIFF
../Detection/Images/AMD Part1/AMD (26)/Image (7).png,./Dataset_3x50_Final/AMD/AMD (26)/Image (7).TIFF
../Detection/Images/AMD Part1/AMD (26)/Image (10).png,./Dataset_3x50_Final/AMD/AMD (26)/Image (10).TIFF
../Detection/Images/AMD Part1/AMD (26)/Image (14).png,./Dataset_3x50_Final/AMD/AMD (26)/Image (14).TIFF
../Detection/Images/AMD Part1/AMD (26)/Image (23).png,./Dataset_3x50_Final/AMD/AMD (26)/Image (23).TIFF
../Detection/Images/AMD Part1/AMD (26)/Image (28).png,./Dataset_3x50_Final/AMD/AMD (26)/Image (28).TIFF
../Detection/Images/AMD Part1/AMD (26)/Image (33).png,./Dataset_3x50_Final/AMD/AMD (26)/Image (33).TIFF
../Detection/Images/AMD Part1/AMD (26)/Image (36).png,./Dataset_3x50_Final/AMD/AMD (26)/Image (36).TIFF
../Detection/Images/AMD Part1/AMD (27).E2E/2- 25- 2017 8- 35- 28 PM/Image 9.png,./Macular-Dataset-R.Rasti_old/AMD Part1/AMD (27).E2E/2- 25- 2017 8- 35- 28 PM/Image 9.TIFF
../Detection/Images/AMD Part1/AMD (27).E2E/2- 25- 2017 8- 35- 28 PM/Image 10.png,./Macular-Dataset-R.Rasti_old/AMD Part1/AMD (27).E2E/2- 25- 2017 8- 35- 28 PM/Image 10.TIFF
../Detection/Images/AMD Part1/AMD (27).E2E/2- 25- 2017 8- 35- 28 PM/Image 11.png,./Macular-Dataset-R.Rasti_old/AMD Part1/AMD (27).E2E/2- 25- 2017 8- 35- 28 PM/Image 11.TIFF
../Detection/Images/AMD Part1/AMD (28).E2E/2- 25- 2017 8- 37- 13 PM/Image 10.png,./Macular-Dataset-R.Rasti_old/AMD Part1/AMD (28).E2E/2- 25- 2017 8- 37- 13 PM/Image 10.TIFF
../Detection/Images/AMD Part1/AMD (28).E2E/2- 25- 2017 8- 37- 13 PM/Image 11.png,./Macular-Dataset-R.Rasti_old/AMD Part1/AMD (28).E2E/2- 25- 2017 8- 37- 13 PM/Image 11.TIFF
../Detection/Images/AMD Part1/AMD (28).E2E/2- 25- 2017 8- 37- 13 PM/Image 12.png,./Macular-Dataset-R.Rasti_old/AMD Part1/AMD (28).E2E/2- 25- 2017 8- 37- 13 PM/Image 12.TIFF
../Detection/Images/AMD Part1/AMD (28).E2E/2- 25- 2017 8- 37- 13 PM/Image 19.png,./Macular-Dataset-R.Rasti_old/AMD Part1/AMD (28).E2E/2- 25- 2017 8- 37- 13 PM/Image 19.TIFF
../Detection/Images/AMD Part1/AMD (30).E2E/2- 25- 2017 8- 40- 33 PM/Image 9.png,./Macular-Dataset-R.Rasti_old/AMD Part1/AMD (30).E2E/2- 25- 2017 8- 40- 33 PM/Image 9.TIFF
../Detection/Images/AMD Part1/AMD (30).E2E/2- 25- 2017 8- 40- 33 PM/Image 10.png,./Macular-Dataset-R.Rasti_old/AMD Part1/AMD (30).E2E/2- 25- 2017 8- 40- 33 PM/Image 10.TIFF
../Detection/Images/AMD Part1/AMD (30).E2E/2- 25- 2017 8- 40- 33 PM/Image 16.png,./Macular-Dataset-R.Rasti_old/AMD Part1/AMD (30).E2E/2- 25- 2017 8- 40- 33 PM/Image 16.TIFF
../Detection/Images/AMD Part1/AMD (30).E2E/2- 25- 2017 8- 40- 33 PM/Image 17.png,./Macular-Dataset-R.Rasti_old/AMD Part1/AMD (30).E2E/2- 25- 2017 8- 40- 33 PM/Image 17.TIFF
../Detection/Images/AMD Part1/AMD (30).E2E/2- 25- 2017 8- 40- 33 PM/Image 24.png,./Macular-Dataset-R.Rasti_old/AMD Part1/AMD (30).E2E/2- 25- 2017 8- 40- 33 PM/Image 24.TIFF
../Detection/Images/AMD Part1/AMD (30).E2E/2- 25- 2017 8- 40- 33 PM/Image 25.png,./Macular-Dataset-R.Rasti_old/AMD Part1/AMD (30).E2E/2- 25- 2017 8- 40- 33 PM/Image 25.TIFF
../Detection/Images/AMD Part1/AMD (30).E2E/2- 25- 2017 8- 40- 33 PM/Image 27.png,./Macular-Dataset-R.Rasti_old/AMD Part1/AMD (30).E2E/2- 25- 2017 8- 40- 33 PM/Image 27.TIFF
../Detection/Images/AMD Part1/AMD (30)/Image (22).png,./Dataset_3x50_Final/AMD/AMD (30)/Image (22).TIFF
../Detection/Images/AMD Part1/AMD (30)/Image (26).png,./Dataset_3x50_Final/AMD/AMD (30)/Image (26).TIFF
../Detection/Images/AMD Part1/AMD (30)/Image (29).png,./Dataset_3x50_Final/AMD/AMD (30)/Image (29).TIFF
../Detection/Images/AMD Part1/AMD (30)/Image (31).png,./Dataset_3x50_Final/AMD/AMD (30)/Image (31).TIFF
../Detection/Images/AMD Part1/AMD (31).E2E/2- 25- 2017 8- 43- 15 PM/Image 13.png,./Macular-Dataset-R.Rasti_old/AMD Part1/AMD (31).E2E/2- 25- 2017 8- 43- 15 PM/Image 13.TIFF
../Detection/Images/AMD Part1/AMD (31).E2E/2- 25- 2017 8- 43- 15 PM/Image 15.png,./Macular-Dataset-R.Rasti_old/AMD Part1/AMD (31).E2E/2- 25- 2017 8- 43- 15 PM/Image 15.TIFF
../Detection/Images/AMD Part1/AMD (31).E2E/2- 25- 2017 8- 43- 15 PM/Image 16.png,./Macular-Dataset-R.Rasti_old/AMD Part1/AMD (31).E2E/2- 25- 2017 8- 43- 15 PM/Image 16.TIFF
../Detection/Images/AMD Part1/AMD (32).E2E/2- 25- 2017 8- 45- 16 PM/Image 7.png,./Macular-Dataset-R.Rasti_old/AMD Part1/AMD (32).E2E/2- 25- 2017 8- 45- 16 PM/Image 7.TIFF
../Detection/Images/AMD Part1/AMD (32).E2E/2- 25- 2017 8- 45- 16 PM/Image 9.png,./Macular-Dataset-R.Rasti_old/AMD Part1/AMD (32).E2E/2- 25- 2017 8- 45- 16 PM/Image 9.TIFF
../Detection/Images/AMD Part1/AMD (32).E2E/2- 25- 2017 8- 45- 16 PM/Image 10.png,./Macular-Dataset-R.Rasti_old/AMD Part1/AMD (32).E2E/2- 25- 2017 8- 45- 16 PM/Image 10.TIFF
../Detection/Images/AMD Part1/AMD (32).E2E/2- 25- 2017 8- 45- 16 PM/Image 13.png,./Macular-Dataset-R.Rasti_old/AMD Part1/AMD (32).E2E/2- 25- 2017 8- 45- 16 PM/Image 13.TIFF
../Detection/Images/AMD Part1/AMD (33).E2E/2- 25- 2017 8- 47- 14 PM/Image 20.png,./Macular-Dataset-R.Rasti_old/AMD Part1/AMD (33).E2E/2- 25- 2017 8- 47- 14 PM/Image 20.TIFF
../Detection/Images/AMD Part1/AMD (33).E2E/2- 25- 2017 8- 47- 14 PM/Image 22.png,./Macular-Dataset-R.Rasti_old/AMD Part1/AMD (33).E2E/2- 25- 2017 8- 47- 14 PM/Image 22.TIFF
../Detection/Images/AMD Part1/AMD (33).E2E/2- 25- 2017 8- 47- 14 PM/Image 24.png,./Macular-Dataset-R.Rasti_old/AMD Part1/AMD (33).E2E/2- 25- 2017 8- 47- 14 PM/Image 24.TIFF
../Detection/Images/AMD Part1/AMD (33).E2E/2- 25- 2017 8- 47- 14 PM/Image 26.png,./Macular-Dataset-R.Rasti_old/AMD Part1/AMD (33).E2E/2- 25- 2017 8- 47- 14 PM/Image 26.TIFF
../Detection/Images/AMD Part1/AMD (33).E2E/2- 25- 2017 8- 47- 14 PM/Image 27.png,./Macular-Dataset-R.Rasti_old/AMD Part1/AMD (33).E2E/2- 25- 2017 8- 47- 14 PM/Image 27.TIFF
../Detection/Images/AMD Part1/AMD (34).E2E/2- 25- 2017 8- 59- 29 PM/Image 12.png,./Macular-Dataset-R.Rasti_old/AMD Part1/AMD (34).E2E/2- 25- 2017 8- 59- 29 PM/Image 12.TIFF
../Detection/Images/AMD Part1/AMD (34).E2E/2- 25- 2017 8- 59- 29 PM/Image 14.png,./Macular-Dataset-R.Rasti_old/AMD Part1/AMD (34).E2E/2- 25- 2017 8- 59- 29 PM/Image 14.TIFF
../Detection/Images/AMD Part1/AMD (34).E2E/2- 25- 2017 8- 59- 29 PM/Image 16.png,./Macular-Dataset-R.Rasti_old/AMD Part1/AMD (34).E2E/2- 25- 2017 8- 59- 29 PM/Image 16.TIFF
../Detection/Images/AMD Part1/AMD (34).E2E/2- 25- 2017 8- 59- 29 PM/Image 31.png,./Macular-Dataset-R.Rasti_old/AMD Part1/AMD (34).E2E/2- 25- 2017 8- 59- 29 PM/Image 31.TIFF
../Detection/Images/AMD Part1/AMD (35).E2E/2- 25- 2017 9- 00- 52 PM/Image 5.png,./Macular-Dataset-R.Rasti_old/AMD Part1/AMD (35).E2E/2- 25- 2017 9- 00- 52 PM/Image 5.TIFF
../Detection/Images/AMD Part1/AMD (35).E2E/2- 25- 2017 9- 00- 52 PM/Image 11.png,./Macular-Dataset-R.Rasti_old/AMD Part1/AMD (35).E2E/2- 25- 2017 9- 00- 52 PM/Image 11.TIFF
../Detection/Images/AMD Part1/AMD (35).E2E/2- 25- 2017 9- 00- 52 PM/Image 16.png,./Macular-Dataset-R.Rasti_old/AMD Part1/AMD (35).E2E/2- 25- 2017 9- 00- 52 PM/Image 16.TIFF
../Detection/Images/AMD Part1/AMD (35).E2E/2- 25- 2017 9- 00- 52 PM/Image 20.png,./Macular-Dataset-R.Rasti_old/AMD Part1/AMD (35).E2E/2- 25- 2017 9- 00- 52 PM/Image 20.TIFF
../Detection/Images/AMD Part1/AMD (35).E2E/2- 25- 2017 9- 00- 52 PM/Image 22.png,./Macular-Dataset-R.Rasti_old/AMD Part1/AMD (35).E2E/2- 25- 2017 9- 00- 52 PM/Image 22.TIFF
../Detection/Images/AMD Part1/AMD (35).E2E/2- 25- 2017 9- 00- 52 PM/Image 23.png,./Macular-Dataset-R.Rasti_old/AMD Part1/AMD (35).E2E/2- 25- 2017 9- 00- 52 PM/Image 23.TIFF
../Detection/Images/AMD Part1/AMD (35).E2E/2- 25- 2017 9- 00- 52 PM/Image 24.png,./Macular-Dataset-R.Rasti_old/AMD Part1/AMD (35).E2E/2- 25- 2017 9- 00- 52 PM/Image 24.TIFF
../Detection/Images/AMD Part2/AMD (36).E2E/2- 25- 2017 9- 02- 29 PM/Image 30.png,./Macular-Dataset-R.Rasti_old/AMD Part2/AMD (36).E2E/2- 25- 2017 9- 02- 29 PM/Image 30.TIFF
../Detection/Images/AMD Part2/AMD (36).E2E/2- 25- 2017 9- 02- 29 PM/Image 31.png,./Macular-Dataset-R.Rasti_old/AMD Part2/AMD (36).E2E/2- 25- 2017 9- 02- 29 PM/Image 31.TIFF
../Detection/Images/AMD Part2/AMD (36).E2E/2- 25- 2017 9- 02- 29 PM/Image 38.png,./Macular-Dataset-R.Rasti_old/AMD Part2/AMD (36).E2E/2- 25- 2017 9- 02- 29 PM/Image 38.TIFF
../Detection/Images/AMD Part2/AMD (36).E2E/2- 25- 2017 9- 02- 29 PM/Image 40.png,./Macular-Dataset-R.Rasti_old/AMD Part2/AMD (36).E2E/2- 25- 2017 9- 02- 29 PM/Image 40.TIFF
../Detection/Images/AMD Part2/AMD (36).E2E/2- 25- 2017 9- 02- 29 PM/Image 42.png,./Macular-Dataset-R.Rasti_old/AMD Part2/AMD (36).E2E/2- 25- 2017 9- 02- 29 PM/Image 42.TIFF
../Detection/Images/AMD Part2/AMD (36).E2E/2- 25- 2017 9- 02- 29 PM/Image 44.png,./Macular-Dataset-R.Rasti_old/AMD Part2/AMD (36).E2E/2- 25- 2017 9- 02- 29 PM/Image 44.TIFF
../Detection/Images/AMD Part2/AMD (37).E2E/2- 25- 2017 9- 04- 26 PM/Image 2.png,./Macular-Dataset-R.Rasti_old/AMD Part2/AMD (37).E2E/2- 25- 2017 9- 04- 26 PM/Image 2.TIFF
../Detection/Images/AMD Part2/AMD (37).E2E/2- 25- 2017 9- 04- 26 PM/Image 5.png,./Macular-Dataset-R.Rasti_old/AMD Part2/AMD (37).E2E/2- 25- 2017 9- 04- 26 PM/Image 5.TIFF
../Detection/Images/AMD Part2/AMD (37).E2E/2- 25- 2017 9- 04- 26 PM/Image 6.png,./Macular-Dataset-R.Rasti_old/AMD Part2/AMD (37).E2E/2- 25- 2017 9- 04- 26 PM/Image 6.TIFF
../Detection/Images/AMD Part2/AMD (37).E2E/2- 25- 2017 9- 04- 26 PM/Image 7.png,./Macular-Dataset-R.Rasti_old/AMD Part2/AMD (37).E2E/2- 25- 2017 9- 04- 26 PM/Image 7.TIFF
../Detection/Images/AMD Part2/AMD (37).E2E/2- 25- 2017 9- 04- 26 PM/Image 8.png,./Macular-Dataset-R.Rasti_old/AMD Part2/AMD (37).E2E/2- 25- 2017 9- 04- 26 PM/Image 8.TIFF
../Detection/Images/AMD Part2/AMD (37).E2E/2- 25- 2017 9- 04- 26 PM/Image 10.png,./Macular-Dataset-R.Rasti_old/AMD Part2/AMD (37).E2E/2- 25- 2017 9- 04- 26 PM/Image 10.TIFF
../Detection/Images/AMD Part2/AMD (37).E2E/2- 25- 2017 9- 04- 26 PM/Image 11.png,./Macular-Dataset-R.Rasti_old/AMD Part2/AMD (37).E2E/2- 25- 2017 9- 04- 26 PM/Image 11.TIFF
../Detection/Images/AMD Part2/AMD (37).E2E/2- 25- 2017 9- 04- 26 PM/Image 12.png,./Macular-Dataset-R.Rasti_old/AMD Part2/AMD (37).E2E/2- 25- 2017 9- 04- 26 PM/Image 12.TIFF
../Detection/Images/AMD Part2/AMD (37).E2E/2- 25- 2017 9- 04- 26 PM/Image 14.png,./Macular-Dataset-R.Rasti_old/AMD Part2/AMD (37).E2E/2- 25- 2017 9- 04- 26 PM/Image 14.TIFF
../Detection/Images/AMD Part2/AMD (37).E2E/2- 25- 2017 9- 04- 26 PM/Image 17.png,./Macular-Dataset-R.Rasti_old/AMD Part2/AMD (37).E2E/2- 25- 2017 9- 04- 26 PM/Image 17.TIFF
../Detection/Images/AMD Part2/AMD (37).E2E/2- 25- 2017 9- 04- 26 PM/Image 18.png,./Macular-Dataset-R.Rasti_old/AMD Part2/AMD (37).E2E/2- 25- 2017 9- 04- 26 PM/Image 18.TIFF
../Detection/Images/AMD Part2/AMD (38).E2E/2- 25- 2017 9- 05- 09 PM/Image 22.png,./Macular-Dataset-R.Rasti_old/AMD Part2/AMD (38).E2E/2- 25- 2017 9- 05- 09 PM/Image 22.TIFF
../Detection/Images/AMD Part2/AMD (38).E2E/2- 25- 2017 9- 05- 09 PM/Image 24.png,./Macular-Dataset-R.Rasti_old/AMD Part2/AMD (38).E2E/2- 25- 2017 9- 05- 09 PM/Image 24.TIFF
../Detection/Images/AMD Part2/AMD (40).E2E/2- 25- 2017 9- 08- 13 PM/Image 5.png,./Macular-Dataset-R.Rasti_old/AMD Part2/AMD (40).E2E/2- 25- 2017 9- 08- 13 PM/Image 5.TIFF
../Detection/Images/AMD Part2/AMD (40).E2E/2- 25- 2017 9- 08- 13 PM/Image 7.png,./Macular-Dataset-R.Rasti_old/AMD Part2/AMD (40).E2E/2- 25- 2017 9- 08- 13 PM/Image 7.TIFF
../Detection/Images/AMD Part2/AMD (40).E2E/2- 25- 2017 9- 08- 13 PM/Image 9.png,./Macular-Dataset-R.Rasti_old/AMD Part2/AMD (40).E2E/2- 25- 2017 9- 08- 13 PM/Image 9.TIFF
../Detection/Images/AMD Part2/AMD (40).E2E/2- 25- 2017 9- 08- 13 PM/Image 10.png,./Macular-Dataset-R.Rasti_old/AMD Part2/AMD (40).E2E/2- 25- 2017 9- 08- 13 PM/Image 10.TIFF
../Detection/Images/AMD Part2/AMD (40).E2E/2- 25- 2017 9- 08- 13 PM/Image 11.png,./Macular-Dataset-R.Rasti_old/AMD Part2/AMD (40).E2E/2- 25- 2017 9- 08- 13 PM/Image 11.TIFF
../Detection/Images/AMD Part2/AMD (40).E2E/2- 25- 2017 9- 08- 13 PM/Image 12.png,./Macular-Dataset-R.Rasti_old/AMD Part2/AMD (40).E2E/2- 25- 2017 9- 08- 13 PM/Image 12.TIFF
../Detection/Images/AMD Part2/AMD (40).E2E/2- 25- 2017 9- 08- 13 PM/Image 17.png,./Macular-Dataset-R.Rasti_old/AMD Part2/AMD (40).E2E/2- 25- 2017 9- 08- 13 PM/Image 17.TIFF
../Detection/Images/AMD Part2/AMD (41).E2E/2- 25- 2017 4- 12- 39 PM/Image 10.png,./Macular-Dataset-R.Rasti_old/AMD Part2/AMD (41).E2E/2- 25- 2017 4- 12- 39 PM/Image 10.TIFF
../Detection/Images/AMD Part2/AMD (41).E2E/2- 25- 2017 4- 12- 39 PM/Image 11.png,./Macular-Dataset-R.Rasti_old/AMD Part2/AMD (41).E2E/2- 25- 2017 4- 12- 39 PM/Image 11.TIFF
../Detection/Images/AMD Part2/AMD (41).E2E/2- 25- 2017 4- 12- 39 PM/Image 12.png,./Macular-Dataset-R.Rasti_old/AMD Part2/AMD (41).E2E/2- 25- 2017 4- 12- 39 PM/Image 12.TIFF
../Detection/Images/AMD Part2/AMD (42).E2E/2- 25- 2017 4- 16- 04 PM/Image 8.png,./Macular-Dataset-R.Rasti_old/AMD Part2/AMD (42).E2E/2- 25- 2017 4- 16- 04 PM/Image 8.TIFF
../Detection/Images/AMD Part2/AMD (42).E2E/2- 25- 2017 4- 16- 04 PM/Image 9.png,./Macular-Dataset-R.Rasti_old/AMD Part2/AMD (42).E2E/2- 25- 2017 4- 16- 04 PM/Image 9.TIFF
../Detection/Images/AMD Part2/AMD (42).E2E/2- 25- 2017 4- 16- 04 PM/Image 15.png,./Macular-Dataset-R.Rasti_old/AMD Part2/AMD (42).E2E/2- 25- 2017 4- 16- 04 PM/Image 15.TIFF
../Detection/Images/AMD Part2/AMD (42).E2E/2- 25- 2017 4- 16- 04 PM/Image 18.png,./Macular-Dataset-R.Rasti_old/AMD Part2/AMD (42).E2E/2- 25- 2017 4- 16- 04 PM/Image 18.TIFF
../Detection/Images/AMD Part2/AMD (42).E2E/2- 25- 2017 4- 16- 04 PM/Image 20.png,./Macular-Dataset-R.Rasti_old/AMD Part2/AMD (42).E2E/2- 25- 2017 4- 16- 04 PM/Image 20.TIFF
../Detection/Images/AMD Part2/AMD (42).E2E/2- 25- 2017 4- 16- 04 PM/Image 22.png,./Macular-Dataset-R.Rasti_old/AMD Part2/AMD (42).E2E/2- 25- 2017 4- 16- 04 PM/Image 22.TIFF
../Detection/Images/AMD Part2/AMD (43).E2E/2- 25- 2017 4- 18- 36 PM/Image 11.png,./Macular-Dataset-R.Rasti_old/AMD Part2/AMD (43).E2E/2- 25- 2017 4- 18- 36 PM/Image 11.TIFF
../Detection/Images/AMD Part2/AMD (43).E2E/2- 25- 2017 4- 18- 36 PM/Image 13.png,./Macular-Dataset-R.Rasti_old/AMD Part2/AMD (43).E2E/2- 25- 2017 4- 18- 36 PM/Image 13.TIFF
../Detection/Images/AMD Part2/AMD (43).E2E/2- 25- 2017 4- 18- 36 PM/Image 14.png,./Macular-Dataset-R.Rasti_old/AMD Part2/AMD (43).E2E/2- 25- 2017 4- 18- 36 PM/Image 14.TIFF
../Detection/Images/AMD Part2/AMD (43).E2E/2- 25- 2017 4- 18- 36 PM/Image 15.png,./Macular-Dataset-R.Rasti_old/AMD Part2/AMD (43).E2E/2- 25- 2017 4- 18- 36 PM/Image 15.TIFF
../Detection/Images/AMD Part2/AMD (44).E2E/2- 25- 2017 4- 31- 15 PM/Image 25.png,./Macular-Dataset-R.Rasti_old/AMD Part2/AMD (44).E2E/2- 25- 2017 4- 31- 15 PM/Image 25.TIFF
../Detection/Images/AMD Part2/AMD (44).E2E/2- 25- 2017 4- 31- 15 PM/Image 26.png,./Macular-Dataset-R.Rasti_old/AMD Part2/AMD (44).E2E/2- 25- 2017 4- 31- 15 PM/Image 26.TIFF
../Detection/Images/AMD Part2/AMD (44).E2E/2- 25- 2017 4- 31- 15 PM/Image 28.png,./Macular-Dataset-R.Rasti_old/AMD Part2/AMD (44).E2E/2- 25- 2017 4- 31- 15 PM/Image 28.TIFF
../Detection/Images/AMD Part2/AMD (45).E2E/2- 25- 2017 4- 33- 53 PM/Image 6.png,./Macular-Dataset-R.Rasti_old/AMD Part2/AMD (45).E2E/2- 25- 2017 4- 33- 53 PM/Image 6.TIFF
../Detection/Images/AMD Part2/AMD (45).E2E/2- 25- 2017 4- 33- 53 PM/Image 7.png,./Macular-Dataset-R.Rasti_old/AMD Part2/AMD (45).E2E/2- 25- 2017 4- 33- 53 PM/Image 7.TIFF
../Detection/Images/AMD Part2/AMD (45).E2E/2- 25- 2017 4- 33- 53 PM/Image 8.png,./Macular-Dataset-R.Rasti_old/AMD Part2/AMD (45).E2E/2- 25- 2017 4- 33- 53 PM/Image 8.TIFF
../Detection/Images/AMD Part2/AMD (45).E2E/2- 25- 2017 4- 33- 53 PM/Image 9.png,./Macular-Dataset-R.Rasti_old/AMD Part2/AMD (45).E2E/2- 25- 2017 4- 33- 53 PM/Image 9.TIFF
../Detection/Images/AMD Part2/AMD (47).E2E/2- 25- 2017 4- 40- 57 PM/Image 8.png,./Macular-Dataset-R.Rasti_old/AMD Part2/AMD (47).E2E/2- 25- 2017 4- 40- 57 PM/Image 8.TIFF
../Detection/Images/AMD Part2/AMD (47).E2E/2- 25- 2017 4- 40- 57 PM/Image 12.png,./Macular-Dataset-R.Rasti_old/AMD Part2/AMD (47).E2E/2- 25- 2017 4- 40- 57 PM/Image 12.TIFF
../Detection/Images/AMD Part2/AMD (47).E2E/2- 25- 2017 4- 40- 57 PM/Image 14.png,./Macular-Dataset-R.Rasti_old/AMD Part2/AMD (47).E2E/2- 25- 2017 4- 40- 57 PM/Image 14.TIFF
../Detection/Images/AMD Part2/AMD (47).E2E/2- 25- 2017 4- 40- 57 PM/Image 16.png,./Macular-Dataset-R.Rasti_old/AMD Part2/AMD (47).E2E/2- 25- 2017 4- 40- 57 PM/Image 16.TIFF
../Detection/Images/AMD Part2/AMD (47).E2E/2- 25- 2017 4- 40- 57 PM/Image 19.png,./Macular-Dataset-R.Rasti_old/AMD Part2/AMD (47).E2E/2- 25- 2017 4- 40- 57 PM/Image 19.TIFF
../Detection/Images/AMD Part2/AMD (47).E2E/2- 25- 2017 4- 40- 57 PM/Image 20.png,./Macular-Dataset-R.Rasti_old/AMD Part2/AMD (47).E2E/2- 25- 2017 4- 40- 57 PM/Image 20.TIFF
../Detection/Images/AMD Part2/AMD (47).E2E/2- 25- 2017 4- 40- 57 PM/Image 21.png,./Macular-Dataset-R.Rasti_old/AMD Part2/AMD (47).E2E/2- 25- 2017 4- 40- 57 PM/Image 21.TIFF
../Detection/Images/AMD Part2/AMD (47).E2E/2- 25- 2017 4- 40- 57 PM/Image 26.png,./Macular-Dataset-R.Rasti_old/AMD Part2/AMD (47).E2E/2- 25- 2017 4- 40- 57 PM/Image 26.TIFF
../Detection/Images/AMD Part2/AMD (47).E2E/2- 25- 2017 4- 40- 57 PM/Image 28.png,./Macular-Dataset-R.Rasti_old/AMD Part2/AMD (47).E2E/2- 25- 2017 4- 40- 57 PM/Image 28.TIFF
../Detection/Images/AMD Part2/AMD (47).E2E/2- 25- 2017 4- 40- 57 PM/Image 29.png,./Macular-Dataset-R.Rasti_old/AMD Part2/AMD (47).E2E/2- 25- 2017 4- 40- 57 PM/Image 29.TIFF
../Detection/Images/AMD Part2/AMD (47).E2E/2- 25- 2017 4- 40- 57 PM/Image 31.png,./Macular-Dataset-R.Rasti_old/AMD Part2/AMD (47).E2E/2- 25- 2017 4- 40- 57 PM/Image 31.TIFF
../Detection/Images/DRUSEN/DRUSEN-53018-1.jpeg,./CellData/OCT/train/DRUSEN/DRUSEN-53018-1.jpeg
../Detection/Images/DRUSEN/DRUSEN-75028-1.jpeg,./CellData/OCT/train/DRUSEN/DRUSEN-75028-1.jpeg
../Detection/Images/DRUSEN/DRUSEN-79215-1.jpeg,./CellData/OCT/train/DRUSEN/DRUSEN-79215-1.jpeg
../Detection/Images/DRUSEN/DRUSEN-95633-1.jpeg,./CellData/OCT/train/DRUSEN/DRUSEN-95633-1.jpeg
../Detection/Images/DRUSEN/DRUSEN-95633-2.jpeg,./CellData/OCT/train/DRUSEN/DRUSEN-95633-2.jpeg
../Detection/Images/DRUSEN/DRUSEN-95633-4.jpeg,./CellData/OCT/train/DRUSEN/DRUSEN-95633-4.jpeg
../Detection/Images/DRUSEN/DRUSEN-95633-6.jpeg,./CellData/OCT/train/DRUSEN/DRUSEN-95633-6.jpeg
../Detection/Images/DRUSEN/DRUSEN-95633-10.jpeg,./CellData/OCT/train/DRUSEN/DRUSEN-95633-10.jpeg
../Detection/Images/DRUSEN/DRUSEN-95633-11.jpeg,./CellData/OCT/train/DRUSEN/DRUSEN-95633-11.jpeg
../Detection/Images/DRUSEN/DRUSEN-95633-12.jpeg,./CellData/OCT/train/DRUSEN/DRUSEN-95633-12.jpeg
../Detection/Images/DRUSEN/DRUSEN-95633-15.jpeg,./CellData/OCT/train/DRUSEN/DRUSEN-95633-15.jpeg
../Detection/Images/DRUSEN/DRUSEN-95633-16.jpeg,./CellData/OCT/train/DRUSEN/DRUSEN-95633-16.jpeg
../Detection/Images/DRUSEN/DRUSEN-95633-18.jpeg,./CellData/OCT/train/DRUSEN/DRUSEN-95633-18.jpeg
../Detection/Images/DRUSEN/DRUSEN-95633-20.jpeg,./CellData/OCT/train/DRUSEN/DRUSEN-95633-20.jpeg
../Detection/Images/DRUSEN/DRUSEN-95633-21.jpeg,./CellData/OCT/train/DRUSEN/DRUSEN-95633-21.jpeg
../Detection/Images/DRUSEN/DRUSEN-95633-23.jpeg,./CellData/OCT/train/DRUSEN/DRUSEN-95633-23.jpeg
../Detection/Images/DRUSEN/DRUSEN-95633-25.jpeg,./CellData/OCT/train/DRUSEN/DRUSEN-95633-25.jpeg
../Detection/Images/DRUSEN/DRUSEN-100580-1.jpeg,./CellData/OCT/train/DRUSEN/DRUSEN-100580-1.jpeg
../Detection/Images/DRUSEN/DRUSEN-103885-1.jpeg,./CellData/OCT/train/DRUSEN/DRUSEN-103885-1.jpeg
../Detection/Images/DRUSEN/DRUSEN-103885-2.jpeg,./CellData/OCT/train/DRUSEN/DRUSEN-103885-2.jpeg
../Detection/Images/DRUSEN/DRUSEN-103885-4.jpeg,./CellData/OCT/train/DRUSEN/DRUSEN-103885-4.jpeg
../Detection/Images/DRUSEN/DRUSEN-142234-1.jpeg,./CellData/OCT/train/DRUSEN/DRUSEN-142234-1.jpeg
../Detection/Images/DRUSEN/DRUSEN-142234-4.jpeg,./CellData/OCT/train/DRUSEN/DRUSEN-142234-4.jpeg
../Detection/Images/DRUSEN/DRUSEN-142234-5.jpeg,./CellData/OCT/train/DRUSEN/DRUSEN-142234-5.jpeg
../Detection/Images/DRUSEN/DRUSEN-142234-6.jpeg,./CellData/OCT/train/DRUSEN/DRUSEN-142234-6.jpeg
../Detection/Images/DRUSEN/DRUSEN-142234-7.jpeg,./CellData/OCT/train/DRUSEN/DRUSEN-142234-7.jpeg
../Detection/Images/DRUSEN/DRUSEN-142234-8.jpeg,./CellData/OCT/train/DRUSEN/DRUSEN-142234-8.jpeg
../Detection/Images/DRUSEN/DRUSEN-142234-9.jpeg,./CellData/OCT/train/DRUSEN/DRUSEN-142234-9.jpeg
../Detection/Images/DRUSEN/DRUSEN-142234-10.jpeg,./CellData/OCT/train/DRUSEN/DRUSEN-142234-10.jpeg
../Detection/Images/DRUSEN/DRUSEN-142234-11.jpeg,./CellData/OCT/train/DRUSEN/DRUSEN-142234-11.jpeg
../Detection/Images/DRUSEN/DRUSEN-142234-13.jpeg,./CellData/OCT/train/DRUSEN/DRUSEN-142234-13.jpeg
../Detection/Images/DRUSEN/DRUSEN-142234-14.jpeg,./CellData/OCT/train/DRUSEN/DRUSEN-142234-14.jpeg
../Detection/Images/DRUSEN/DRUSEN-142234-15.jpeg,./CellData/OCT/train/DRUSEN/DRUSEN-142234-15.jpeg
../Detection/Images/DRUSEN/DRUSEN-142234-16.jpeg,./CellData/OCT/train/DRUSEN/DRUSEN-142234-16.jpeg
../Detection/Images/DRUSEN/DRUSEN-142234-17.jpeg,./CellData/OCT/train/DRUSEN/DRUSEN-142234-17.jpeg
../Detection/Images/DRUSEN/DRUSEN-142234-18.jpeg,./CellData/OCT/train/DRUSEN/DRUSEN-142234-18.jpeg
../Detection/Images/DRUSEN/DRUSEN-142234-19.jpeg,./CellData/OCT/train/DRUSEN/DRUSEN-142234-19.jpeg
../Detection/Images/DRUSEN/DRUSEN-142234-20.jpeg,./CellData/OCT/train/DRUSEN/DRUSEN-142234-20.jpeg
../Detection/Images/DRUSEN/DRUSEN-142234-21.jpeg,./CellData/OCT/train/DRUSEN/DRUSEN-142234-21.jpeg
../Detection/Images/DRUSEN/DRUSEN-142234-22.jpeg,./CellData/OCT/train/DRUSEN/DRUSEN-142234-22.jpeg
../Detection/Images/DRUSEN/DRUSEN-142234-23.jpeg,./CellData/OCT/train/DRUSEN/DRUSEN-142234-23.jpeg
../Detection/Images/DRUSEN/DRUSEN-142234-25.jpeg,./CellData/OCT/train/DRUSEN/DRUSEN-142234-25.jpeg
../Detection/Images/DRUSEN/DRUSEN-142234-26.jpeg,./CellData/OCT/train/DRUSEN/DRUSEN-142234-26.jpeg
../Detection/Images/DRUSEN/DRUSEN-142234-27.jpeg,./CellData/OCT/train/DRUSEN/DRUSEN-142234-27.jpeg
../Detection/Images/DRUSEN/DRUSEN-163081-1.jpeg,./CellData/OCT/train/DRUSEN/DRUSEN-163081-1.jpeg
../Detection/Images/DRUSEN/DRUSEN-163081-4.jpeg,./CellData/OCT/train/DRUSEN/DRUSEN-163081-4.jpeg
../Detection/Images/DRUSEN/DRUSEN-163081-5.jpeg,./CellData/OCT/train/DRUSEN/DRUSEN-163081-5.jpeg
../Detection/Images/DRUSEN/DRUSEN-163081-6.jpeg,./CellData/OCT/train/DRUSEN/DRUSEN-163081-6.jpeg
../Detection/Images/DRUSEN/DRUSEN-163081-7.jpeg,./CellData/OCT/train/DRUSEN/DRUSEN-163081-7.jpeg
../Detection/Images/DRUSEN/DRUSEN-190022-1.jpeg,./CellData/OCT/train/DRUSEN/DRUSEN-190022-1.jpeg
../Detection/Images/DRUSEN/DRUSEN-190022-2.jpeg,./CellData/OCT/train/DRUSEN/DRUSEN-190022-2.jpeg
../Detection/Images/DRUSEN/DRUSEN-190022-3.jpeg,./CellData/OCT/train/DRUSEN/DRUSEN-190022-3.jpeg
../Detection/Images/DRUSEN/DRUSEN-200969-1.jpeg,./CellData/OCT/train/DRUSEN/DRUSEN-200969-1.jpeg
../Detection/Images/DRUSEN/DRUSEN-224974-1.jpeg,./CellData/OCT/train/DRUSEN/DRUSEN-224974-1.jpeg
../Detection/Images/DRUSEN/DRUSEN-224974-2.jpeg,./CellData/OCT/train/DRUSEN/DRUSEN-224974-2.jpeg
../Detection/Images/DRUSEN/DRUSEN-224974-3.jpeg,./CellData/OCT/train/DRUSEN/DRUSEN-224974-3.jpeg
../Detection/Images/DRUSEN/DRUSEN-224974-5.jpeg,./CellData/OCT/train/DRUSEN/DRUSEN-224974-5.jpeg
../Detection/Images/DRUSEN/DRUSEN-224974-7.jpeg,./CellData/OCT/train/DRUSEN/DRUSEN-224974-7.jpeg
../Detection/Images/DRUSEN/DRUSEN-224974-9.jpeg,./CellData/OCT/train/DRUSEN/DRUSEN-224974-9.jpeg
../Detection/Images/DRUSEN/DRUSEN-224974-11.jpeg,./CellData/OCT/train/DRUSEN/DRUSEN-224974-11.jpeg
../Detection/Images/DRUSEN/DRUSEN-224974-13.jpeg,./CellData/OCT/train/DRUSEN/DRUSEN-224974-13.jpeg
../Detection/Images/DRUSEN/DRUSEN-224974-14.jpeg,./CellData/OCT/train/DRUSEN/DRUSEN-224974-14.jpeg
../Detection/Images/DRUSEN/DRUSEN-224974-18.jpeg,./CellData/OCT/train/DRUSEN/DRUSEN-224974-18.jpeg
../Detection/Images/DRUSEN/DRUSEN-224974-20.jpeg,./CellData/OCT/train/DRUSEN/DRUSEN-224974-20.jpeg
../Detection/Images/DRUSEN/DRUSEN-224974-22.jpeg,./CellData/OCT/train/DRUSEN/DRUSEN-224974-22.jpeg
../Detection/Images/DRUSEN/DRUSEN-224974-23.jpeg,./CellData/OCT/train/DRUSEN/DRUSEN-224974-23.jpeg
../Detection/Images/DRUSEN/DRUSEN-224974-24.jpeg,./CellData/OCT/train/DRUSEN/DRUSEN-224974-24.jpeg
../Detection/Images/DRUSEN/DRUSEN-224974-25.jpeg,./CellData/OCT/train/DRUSEN/DRUSEN-224974-25.jpeg
../Detection/Images/DRUSEN/DRUSEN-224974-26.jpeg,./CellData/OCT/train/DRUSEN/DRUSEN-224974-26.jpeg
../Detection/Images/DRUSEN/DRUSEN-224974-28.jpeg,./CellData/OCT/train/DRUSEN/DRUSEN-224974-28.jpeg
../Detection/Images/DRUSEN/DRUSEN-224974-30.jpeg,./CellData/OCT/train/DRUSEN/DRUSEN-224974-30.jpeg
../Detection/Images/DRUSEN/DRUSEN-224974-32.jpeg,./CellData/OCT/train/DRUSEN/DRUSEN-224974-32.jpeg
../Detection/Images/DRUSEN/DRUSEN-224974-34.jpeg,./CellData/OCT/train/DRUSEN/DRUSEN-224974-34.jpeg
../Detection/Images/DRUSEN/DRUSEN-224974-36.jpeg,./CellData/OCT/train/DRUSEN/DRUSEN-224974-36.jpeg
../Detection/Images/DRUSEN/DRUSEN-224974-38.jpeg,./CellData/OCT/train/DRUSEN/DRUSEN-224974-38.jpeg
../Detection/Images/DRUSEN/DRUSEN-228939-1.jpeg,./CellData/OCT/train/DRUSEN/DRUSEN-228939-1.jpeg
../Detection/Images/DRUSEN/DRUSEN-228939-2.jpeg,./CellData/OCT/train/DRUSEN/DRUSEN-228939-2.jpeg
../Detection/Images/DRUSEN/DRUSEN-228939-6.jpeg,./CellData/OCT/train/DRUSEN/DRUSEN-228939-6.jpeg
../Detection/Images/DRUSEN/DRUSEN-228939-8.jpeg,./CellData/OCT/train/DRUSEN/DRUSEN-228939-8.jpeg
../Detection/Images/DRUSEN/DRUSEN-228939-10.jpeg,./CellData/OCT/train/DRUSEN/DRUSEN-228939-10.jpeg
../Detection/Images/DRUSEN/DRUSEN-228939-11.jpeg,./CellData/OCT/train/DRUSEN/DRUSEN-228939-11.jpeg
../Detection/Images/DRUSEN/DRUSEN-228939-13.jpeg,./CellData/OCT/train/DRUSEN/DRUSEN-228939-13.jpeg
../Detection/Images/DRUSEN/DRUSEN-228939-15.jpeg,./CellData/OCT/train/DRUSEN/DRUSEN-228939-15.jpeg
../Detection/Images/DRUSEN/DRUSEN-228939-17.jpeg,./CellData/OCT/train/DRUSEN/DRUSEN-228939-17.jpeg
../Detection/Images/DRUSEN/DRUSEN-228939-19.jpeg,./CellData/OCT/train/DRUSEN/DRUSEN-228939-19.jpeg
../Detection/Images/DRUSEN/DRUSEN-228939-21.jpeg,./CellData/OCT/train/DRUSEN/DRUSEN-228939-21.jpeg
../Detection/Images/DRUSEN/DRUSEN-228939-23.jpeg,./CellData/OCT/train/DRUSEN/DRUSEN-228939-23.jpeg
../Detection/Images/DRUSEN/DRUSEN-228939-25.jpeg,./CellData/OCT/train/DRUSEN/DRUSEN-228939-25.jpeg
../Detection/Images/DRUSEN/DRUSEN-228939-27.jpeg,./CellData/OCT/train/DRUSEN/DRUSEN-228939-27.jpeg
../Detection/Images/DRUSEN/DRUSEN-228939-29.jpeg,./CellData/OCT/train/DRUSEN/DRUSEN-228939-29.jpeg
../Detection/Images/DRUSEN/DRUSEN-228939-30.jpeg,./CellData/OCT/train/DRUSEN/DRUSEN-228939-30.jpeg
../Detection/Images/DRUSEN/DRUSEN-228939-31.jpeg,./CellData/OCT/train/DRUSEN/DRUSEN-228939-31.jpeg
../Detection/Images/DRUSEN/DRUSEN-228939-33.jpeg,./CellData/OCT/train/DRUSEN/DRUSEN-228939-33.jpeg
../Detection/Images/DRUSEN/DRUSEN-228939-35.jpeg,./CellData/OCT/train/DRUSEN/DRUSEN-228939-35.jpeg
../Detection/Images/DRUSEN/DRUSEN-228939-37.jpeg,./CellData/OCT/train/DRUSEN/DRUSEN-228939-37.jpeg
../Detection/Images/DRUSEN/DRUSEN-228939-38.jpeg,./CellData/OCT/train/DRUSEN/DRUSEN-228939-38.jpeg
../Detection/Images/DRUSEN/DRUSEN-228939-39.jpeg,./CellData/OCT/train/DRUSEN/DRUSEN-228939-39.jpeg
../Detection/Images/DRUSEN/DRUSEN-9800172-27.jpeg,./CellData/OCT/train/DRUSEN/DRUSEN-9800172-27.jpeg
../Detection/Images/DRUSEN/DRUSEN-9837663-5.jpeg,./CellData/OCT/train/DRUSEN/DRUSEN-9837663-5.jpeg
../Detection/Images/DRUSEN/DRUSEN-9861332-8.jpeg,./CellData/OCT/train/DRUSEN/DRUSEN-9861332-8.jpeg
../Detection/Images/DRUSEN/DRUSEN-9884539-8.jpeg,./CellData/OCT/train/DRUSEN/DRUSEN-9884539-8.jpeg
../Detection/Images/DRUSEN/DRUSEN-9884539-23.jpeg,./CellData/OCT/train/DRUSEN/DRUSEN-9884539-23.jpeg
../Detection/Images/DRUSEN/DRUSEN-9894035-3.jpeg,./CellData/OCT/train/DRUSEN/DRUSEN-9894035-3.jpeg
../Detection/Images/DRUSEN/DRUSEN-9894035-36.jpeg,./CellData/OCT/train/DRUSEN/DRUSEN-9894035-36.jpeg
../Detection/Images/DRUSEN/DRUSEN-9928043-3.jpeg,./CellData/OCT/train/DRUSEN/DRUSEN-9928043-3.jpeg